id,quality_score
<urn:uuid:c14ec637-b290-4609-a98b-b95581c3bac8>,0.25
<urn:uuid:233366a1-a732-4391-bd90-a3f97e584cfe>,0.5
<urn:uuid:2d5e78b6-80c4-4180-a41b-8eb5d95b39e5>,0.25
<urn:uuid:9f5072a2-efbf-46ab-8433-50900d91ea85>,0.55
<urn:uuid:3a767d74-9a79-4a37-9b9b-93219e45a718>,0.39999999999999997
<urn:uuid:7d91dd32-6a94-416e-8832-3ad9d374c708>,0.15
<urn:uuid:1e11bede-a5a4-4676-ab2c-dee736c6809d>,0.15
e67bc797-f702-4ff1-9bc6-77589006d85c,0.55
<urn:uuid:94460ad8-70a2-444b-af81-3178857e3675>,0.45
<urn:uuid:32151553-6649-4271-b783-61cd56c0b75d>,0.5
<urn:uuid:b82eb8fb-6fb7-4d0d-ae34-829b124b0519>,0.45
81a28fd4-8a86-40a5-ac21-1a4d55bfe8b8,0.8
f6ae295e-7207-4689-a7fd-4fd9d164abb3,0.39999999999999997
<urn:uuid:c5597968-e064-49a5-a150-b6656f2d73a3>,0.1
fd71f71f-f6c6-4b31-9b85-81d49c61d00c,0.6
<urn:uuid:90d2a9f2-84d6-4390-815c-f0d1ac49963e>,0.5
<urn:uuid:59a943f9-ac10-4f2b-aafe-4cee58865f27>,0.25
<urn:uuid:8cd49eba-b786-4271-bb78-5431057255b3>,0.15000000000000002
<urn:uuid:16a16623-1d00-4cc6-a34b-3479ed3bfaaf>,0.35
<urn:uuid:63545273-e4c2-458e-9b66-a1d40e61ef25>,0.25
<urn:uuid:c7007d05-a675-4ce8-a0c4-015d2d20640b>,0.25
<urn:uuid:d924d9e9-f4db-458c-89ed-f03fa2f4767c>,0.45
eec02f58-fa97-4f5a-854c-115660a435a3,0.55
<urn:uuid:6f07e808-c81f-4aaf-a00f-df95f190a84c>,0.3
<urn:uuid:a39a065a-bc9e-47af-b296-7a9bfe0cce7f>,0.5
<urn:uuid:a920d229-5b2b-4fdd-80d2-e71470dc6210>,0.55
a7b36a31-fdc3-4fc4-9ac3-72df6fc6fa36,0.65
<urn:uuid:2d5835e1-b8f9-409c-92ca-9655a8a07a83>,0.8
<urn:uuid:b47fa4d7-e7c2-4cc2-ab06-70e413e434f6>,0.55
d173598c-e6a2-41de-a298-19bd1fc4eb90,0.6
<urn:uuid:9aed47f4-ade6-4d20-a1f1-9d6e489a7110>,0.55
<urn:uuid:3a7fe218-dbed-4c7a-8db2-7d3eeefdc007>,0.5
<urn:uuid:b91dc6ed-5edf-4386-bb67-428bfe8e423d>,0.55
<urn:uuid:fd12a3c3-ac3f-4f30-a795-f16e9b04c1bd>,0.75
<urn:uuid:8a2e2975-556a-42d4-9b24-9701691087c3>,0.35
<urn:uuid:d9f620ce-d5f4-4dcd-a05c-d580c8af72a5>,0.39999999999999997
<urn:uuid:919363f9-0ec9-498d-867e-68bae0fb2c36>,0.25
<urn:uuid:60afb76a-ef1e-4d09-af24-524f5d2f851e>,0.65
<urn:uuid:7175e64f-4bf7-4476-b1c6-ecbfa7cd940d>,0.39999999999999997
<urn:uuid:cdc045b9-a1bf-4118-a2ea-bc33a7d4e446>,0.55
<urn:uuid:770fcbd3-ef15-4f7e-8d88-5f480fc53d3d>,0.55
e3e76b5b-faa5-411f-b973-0f655bbc58e1,0.55
<urn:uuid:9ba7b81a-696c-40ac-aadb-909faa330f0e>,0.7
<urn:uuid:fa1fd929-b097-4e5a-8062-6a6795adea55>,0.7
<urn:uuid:d3b303d1-c8d8-4dfa-8f63-07a950c8bbc8>,0.25
<urn:uuid:e078e089-421a-4c0e-9a87-03fabbc6534c>,0.6
<urn:uuid:8e6e8f45-d758-4511-bc23-fb11a1c496a8>,0.39999999999999997
<urn:uuid:29f512d0-a8be-4349-b1a0-fe0e6deb3a4a>,0.45
<urn:uuid:705cab27-3090-4c28-a46f-6bba1ed52702>,0.35
<urn:uuid:0cdd468a-45f7-47d4-ac25-77df6b8cb0c3>,0.44999999999999996
<urn:uuid:524c257b-999c-4465-bb0d-4f0b76dd9214>,0.55
<urn:uuid:29782a0a-1af6-41a6-b1a1-8ec58871408b>,0.15000000000000002
<urn:uuid:ead80732-393a-47e0-8387-01d53995cd23>,0.55
<urn:uuid:ab740273-c0a1-4e1d-9e0a-f3c853671c56>,0.1
<urn:uuid:4bd9b78d-dc6f-497b-aec6-e2e85d545e56>,0.25
<urn:uuid:69bfd643-b315-4f51-9049-46ca8c327815>,0.5
<urn:uuid:290305db-017d-4265-8849-a3de68b51ece>,0.25
<urn:uuid:989dfe4a-045c-4547-86e2-52a9b564cbe0>,0.39999999999999997
<urn:uuid:587adb3f-97aa-41fc-9bf5-57b581955a84>,0.25
<urn:uuid:d1a87320-ea8a-4c2e-bd7c-14bc6b1647b5>,0.25
<urn:uuid:4f8053ae-2eaa-42e6-9483-3837505a5e1e>,0.6
<urn:uuid:3a2818a2-0c8c-4e1e-80bc-0e90cf2a2d49>,0.5
<urn:uuid:5ea70f03-4ef5-4214-b8e6-3aeabff14033>,0.45
<urn:uuid:d99deeb0-4581-4261-b794-2f7f5246edf3>,0.15000000000000002
<urn:uuid:6ef4444f-3398-4ea5-a81a-f6e0405bb47d>,0.2
<urn:uuid:af87e2e8-99c8-4cb1-b347-cd5b92d7ab8b>,0.45
<urn:uuid:a41c27c1-5b50-421d-a770-e531802e0d7d>,0.65
<urn:uuid:0e6d0103-b6d4-4d85-9c9d-fe7e24cf651e>,0.15000000000000002
<urn:uuid:3661ff06-f260-464f-8afc-66b88f99d397>,0.35
<urn:uuid:1830ac81-0403-4868-8678-6bb945a41f11>,0.25
<urn:uuid:45483229-8b2b-4126-b200-dc90d38ca9e3>,0.44999999999999996
<urn:uuid:e0c2d59d-c18f-4eb3-9817-c0e98b00aa1e>,0.5
8fbccfbf-3b93-4af7-af03-bc9e01a64464,0.55
ad25c9c3-9705-436d-8e6e-1dbf25cffd18,0.5
<urn:uuid:6b945d00-755c-4826-a06e-848e139ed18f>,0.5
<urn:uuid:3d7c0e07-86f8-4495-a0c2-7ef919ab5c2c>,0.55
<urn:uuid:a66f5428-5515-4190-a472-acf66c6b4384>,0.25
27d49305-3e43-478d-b73d-ca80ab6b8153,0.5
<urn:uuid:cac73ed6-5eee-4598-b8df-40b2c7012a78>,0.35
<urn:uuid:f08a5854-8eb0-4ee2-ad65-62728de7d728>,0.4
<urn:uuid:0a682155-535e-45d5-adba-4eb7998fdee5>,0.2
<urn:uuid:e4a18346-81cd-441e-b441-95fe056c6cbd>,0.4
<urn:uuid:6e91dd6b-d393-4bb1-a59d-0908b503356f>,0.55
<urn:uuid:ed25eb66-0336-4018-8a55-44eb4ba98579>,0.55
<urn:uuid:64571526-7a79-4b68-bbfd-fa567735a750>,0.55
<urn:uuid:eb195011-bdd1-4f04-9f5c-95624f930c6e>,0.3
<urn:uuid:74ed8c02-549e-43cb-bd6a-9e6f908e5e9f>,0.6
<urn:uuid:34fa914d-9971-459f-bc77-61e9829bc33a>,0.6
<urn:uuid:457467d8-222e-40c9-8858-696bc8e14f27>,0.25
<urn:uuid:039df00b-7ee7-4e2c-ba49-e195de703548>,0.6499999999999999
<urn:uuid:0bce9e40-807f-48f9-a23f-7715ac71f157>,0.1
<urn:uuid:e1783ad7-b728-4179-af0e-61fba6148308>,0.15000000000000002
<urn:uuid:f52e57a8-238f-425c-ab66-67486777abf3>,0.30000000000000004
<urn:uuid:c1f203b3-978f-4da9-8cce-cc3ae7d997d1>,0.5
<urn:uuid:60e1b291-0f27-4911-9959-23694828a7bf>,0.5
<urn:uuid:eac97d99-0138-4071-999b-95ced6349d2d>,0.6000000000000001
<urn:uuid:d910ed97-dee2-440a-ac9a-967151208ccb>,0.44999999999999996
<urn:uuid:564c9d57-574f-416d-a989-151908e630b0>,0.6000000000000001
<urn:uuid:6d3267ed-77b2-4a29-b67c-6bc7e34fb7e9>,0.55
<urn:uuid:38ca377b-2a76-4d7d-882d-55ca85efe2c1>,0.55
<urn:uuid:f123e7a7-b50c-443c-afb5-f5ba362c5e3e>,0.6000000000000001
<urn:uuid:08003f45-853e-4b49-969c-33c9ae8e69b8>,0.75
<urn:uuid:ed559391-d9b3-4aaf-b08f-4c165191dd4b>,0.6000000000000001
<urn:uuid:e1c47fee-9c73-47fd-9e78-0781c7ec160b>,0.4
<urn:uuid:4b50e5d8-9887-4bd4-b769-01cefea2ff47>,0.5
<urn:uuid:a821e9bb-29d8-478d-9a9b-bd02c427f9ac>,0.8
<urn:uuid:d27cc60e-fae0-4ec0-b126-eb11c13d6d96>,0.6
<urn:uuid:889341ee-188b-4983-834a-f3fe1db4d5d9>,0.5
<urn:uuid:1baceee8-b6d8-456d-bebb-3bb5dc324102>,0.55
<urn:uuid:e6973f07-54b8-4786-9bb5-33841d5a9f4f>,0.6000000000000001
<urn:uuid:9817cca2-39d1-48d9-b268-d854ab7a5fcd>,0.30000000000000004
<urn:uuid:1afffecf-50a9-4a0b-a186-c8314e743426>,0.75
<urn:uuid:4c8a6771-8511-458e-8bb2-831613761689>,0.55
<urn:uuid:2a97ebf7-8b4c-426d-903c-4837dbf98b1b>,0.55
<urn:uuid:b5005034-88db-42ec-a853-37f754dc44b2>,0.55
ac0c6bf9-6971-4158-9c42-18d8f247ae41,0.75
<urn:uuid:169b2a79-7e5f-4750-a34f-408c32f0224c>,0.55
<urn:uuid:ee660cc7-f939-4816-82c3-d1d301c60cb0>,0.65
<urn:uuid:c20d1fce-9553-458b-af34-2fbca7b91117>,0.7
<urn:uuid:b9cabf7d-e9c6-4e35-bf95-2f44cf361ae1>,0.6000000000000001
<urn:uuid:d0ba20bb-b465-435a-a872-ab307f72e232>,0.5
<urn:uuid:71a9726b-a19d-42be-a52e-b66067cc9bce>,0.25
<urn:uuid:76699584-95bd-4113-9b0b-70059d165333>,0.25
<urn:uuid:95ea25fe-d58b-4e57-a12e-dc1aca6f258b>,0.3
<urn:uuid:4fb37dee-3695-4f44-90f4-3a13df067ac7>,0.55
<urn:uuid:e47e9bc9-04c9-483d-a58b-0fb3838167c5>,0.8500000000000001
<urn:uuid:e27b510c-3009-4e89-ad63-6810b025d487>,0.3
<urn:uuid:918b03a2-75fe-4f7b-8e21-71df56c171a7>,0.4
<urn:uuid:78576c3a-fad5-4d58-bac5-24d2c9017f20>,0.4
adcf74cc-07ae-4711-9fdb-7a6cf49f897c,0.35
<urn:uuid:a9be53ca-d9b7-4357-bfbb-33a7dab6e229>,0.15000000000000002
<urn:uuid:74db83c7-2fb8-46fd-ad73-2858c80d4eb6>,0.30000000000000004
<urn:uuid:f5096b65-d91f-4d05-a301-9ee1d9e67179>,0.1
e1959b5a-74c4-41d1-9313-6768a5e816b0,0.55
<urn:uuid:8e01c33e-b76b-43a3-b0a4-4355f4cac58b>,0.35
<urn:uuid:b8cc5a3b-6955-4c05-a208-a1a90a8df20e>,0.75
<urn:uuid:463cf92f-2009-45fb-a738-13c84a0e241b>,0.35
<urn:uuid:c32c9919-6fd0-4b8d-b0e8-3413adaf265e>,0.2
<urn:uuid:fb748e8d-92ea-4796-b066-cf8555498c84>,0.1
<urn:uuid:371097b0-10d6-4f5e-a9bf-43c3c742a36c>,0.5
<urn:uuid:ce3ec0ef-3cbe-4d10-b61b-e747b8bc9f2a>,0.55
<urn:uuid:3438274f-ad6f-422e-8bb8-60ccd4de840b>,0.55
<urn:uuid:71556206-1d59-41e9-9990-00fb4ebac2f2>,0.25
77cfb733-c515-4827-bf2d-f58e4c8b33e0,0.65
<urn:uuid:8199d43c-a2a0-426a-a657-1f601240ae57>,0.8
<urn:uuid:e818a7ec-fca7-4cde-aad9-4e4c679a1ddd>,0.1
<urn:uuid:9026ec3c-40f4-45f5-9b4d-8b5d25b535b4>,0.39999999999999997
<urn:uuid:3cdbb3f9-282f-450e-83ce-7f05865ad24b>,0.55
<urn:uuid:85f46f67-1227-4292-974e-15d557b2369b>,0.5
<urn:uuid:3024c34c-5d49-49d1-bc5b-97caa4f26584>,0.55
<urn:uuid:3303a7ad-fcd0-447a-9068-cbe0097671c2>,0.35
<urn:uuid:454a0604-59e5-486d-b752-5caf6356d956>,0.2
<urn:uuid:c143c120-a546-48cb-b779-852c3707e99a>,0.35
<urn:uuid:ab229cf6-c0b7-4e8a-aefb-36fbe9a1bf9e>,0.35
<urn:uuid:71056fc1-577d-41dd-8b74-5e56936a5eef>,0.45
<urn:uuid:0782efa1-dd47-4338-a2a8-3e3306264dae>,0.4
<urn:uuid:37796a3b-b731-4509-9680-20642ca99110>,0.8
<urn:uuid:c2a277f7-9f04-408d-9710-c8947bbb7321>,0.35
<urn:uuid:c174f4f7-270a-4dbe-887c-1e5e40d70f96>,0.2
<urn:uuid:9b4c2afb-7ae9-47b1-8e98-999c500d9585>,0.35
<urn:uuid:0a241585-0256-47e2-9422-522a0b73e06e>,0.45
26c68385-2837-4cd6-8c12-1e37da072b6e,0.3
<urn:uuid:9acd9ce8-a9ca-49df-be91-a0333c53f4c5>,0.6000000000000001
<urn:uuid:5633056e-6c93-4a1a-a07b-a0d35206a576>,0.44999999999999996
1544b66a-3937-4df9-8b4c-b109288e7cc0,0.55
<urn:uuid:3ee97aac-39ec-4c66-baf3-7f2bcb25b6a6>,0.25
<urn:uuid:fc6e8998-86cc-48e1-8053-593a7c0e3e17>,0.1
<urn:uuid:a41b059f-4082-40e2-8953-e7f4ee76cf2a>,0.55
<urn:uuid:65ca9d7f-a4d0-4b1f-9129-65dc63cc8081>,0.30000000000000004
<urn:uuid:63561eee-44df-416b-b3f4-b1ff7bd6364c>,0.55
<urn:uuid:0eb6de90-a57c-4b48-9893-c3d6290bf1d5>,0.39999999999999997
<urn:uuid:1ec1c943-ce03-48ed-94b7-ffc9c2f6224d>,0.05
<urn:uuid:ab802d67-bb60-449a-bb0e-1935f7d48c70>,0.6499999999999999
<urn:uuid:0e95a2b6-1eeb-4c15-ad38-faa13ccc7c3f>,0.25
<urn:uuid:bd65f11a-611e-4cc8-9d75-cf441718a0b8>,0.55
<urn:uuid:9c706cc2-f6be-4ba8-8f28-ce5a13ed3763>,0.35
<urn:uuid:5c29cb04-e2e4-42a3-a29c-79f3d854e1c2>,0.6000000000000001
<urn:uuid:b5d67c90-9d48-4bd3-b559-f6443d8f195b>,0.5
6bc92905-706c-4a0e-a478-63b3b6c3fb37,0.7
<urn:uuid:380c5e82-d6c3-4674-9091-5d1f269de41a>,0.8
<urn:uuid:e950cd87-b964-4b43-aa67-8e293ccba7f1>,0.5
<urn:uuid:937e561c-e923-4c81-bd4f-0ea61d5dfeee>,0.5
<urn:uuid:4134386f-abd7-4eef-9fa3-f8ced1b1b480>,0.6000000000000001
d12cf6e1-0753-45cc-b8b6-f01badabd4a0,0.2
<urn:uuid:19a2074e-c090-4710-8799-7593162c6b15>,0.5
<urn:uuid:e03bb39a-6837-438e-82e4-5894166e07cb>,0.55
<urn:uuid:0c54d9b1-b424-4869-9a7b-7965f67bc77a>,0.35
<urn:uuid:ea059fd4-bfb9-4327-becf-c7ca0bad55c7>,0.5
<urn:uuid:46151137-e974-4343-95c0-37581a48f1a9>,0.6000000000000001
<urn:uuid:9cb62457-ce36-44e0-93ad-0dbc76ce7962>,0.15000000000000002
<urn:uuid:4611f590-dffb-4330-91fd-5d63147cd7d8>,0.2
<urn:uuid:d083aa74-1383-4536-a426-451605fa27fc>,0.5
<urn:uuid:c3d5cda1-4de9-4615-a75e-e8e363627d18>,0.39999999999999997
<urn:uuid:1e7ea1ee-8379-4d5c-8da2-c3f9ea64b032>,0.35
<urn:uuid:d7338252-4234-4130-ad96-29904c8bd888>,0.39999999999999997
3babc199-f287-4719-a60c-22650831425f,0.55
<urn:uuid:88d87821-9787-46af-9021-5c0eb4b08b52>,0.8
<urn:uuid:8ff78360-36db-4c23-a103-fcf458cef1ee>,0.39999999999999997
<urn:uuid:18847b03-79d1-4817-a8e0-812fae0dcf25>,0.45
<urn:uuid:59b83cd9-8a56-44d9-ba25-5b146399f80a>,0.2
<urn:uuid:e47085b1-f579-4831-a85b-7259a40f8b5e>,0.55
<urn:uuid:49b081db-317a-45aa-8e7c-bf7ef64eee19>,0.8
<urn:uuid:17bd8eed-4b67-46aa-b0a7-bb3383cc04c2>,0.85
<urn:uuid:a5e6ca0a-c8d6-4591-aa6c-a63c4fe4900c>,0.55
<urn:uuid:c36693d7-ff6a-41c3-8ae9-5758861ead3c>,0.25
<urn:uuid:2d00d334-c472-4e10-bc85-60ffe90790a1>,0.5
<urn:uuid:0106e41c-969b-423f-a4c0-82cc1103c785>,0.5
<urn:uuid:075e55bf-fc8b-45e6-97a0-9a26dddc95db>,0.55
<urn:uuid:52faa98a-cc27-4c77-9752-6e6c11293d57>,0.7
626d4298-db41-4392-8625-0f99a679eecb,0.3
<urn:uuid:336792a8-3322-4733-b95d-656b5462422e>,0.55
<urn:uuid:5fb0245c-d535-4468-b424-d84d846dad87>,0.5
<urn:uuid:08f85c22-bb7d-4e4b-a7a2-d0efb0ea3c9c>,0.1
<urn:uuid:f738d5eb-c8dc-4452-b725-e67dbf12d26e>,0.55
<urn:uuid:be832509-8289-49ba-b42b-04947cb67a33>,0.25
<urn:uuid:d133d5d0-cd64-441e-802b-3013f38723b5>,0.55
<urn:uuid:37844dbd-2dc2-41af-a889-237f1a0523a0>,0.1
<urn:uuid:69aa2ea8-e148-40d3-b79e-e47aad723890>,0.15000000000000002
<urn:uuid:cc7fcef6-be39-4c87-828a-22329e159692>,0.7
<urn:uuid:b720fc88-d0f0-4c62-8793-d2d002c8fd08>,0.5
<urn:uuid:a7c42f13-cbf8-4121-9773-fd30f4ca1d33>,0.55
<urn:uuid:6bef983e-665c-4a89-87c3-9bd0340bc08f>,0.55
<urn:uuid:dde866bb-1e60-43ba-8f4b-baf0db0bb339>,0.44999999999999996
<urn:uuid:ac695a80-f756-4729-80e2-3f91614dc8c3>,0.25
<urn:uuid:acd2976a-1d8d-4bd2-85ec-6a8cac15620b>,0.75
<urn:uuid:4eadc4e9-4182-4055-89df-e90af1923065>,0.5
<urn:uuid:47075440-a8d4-4493-a46b-ffe42f2ea017>,0.65
<urn:uuid:0ee8419b-99b9-4c65-98c4-90e74d7a29ec>,0.5
<urn:uuid:7060e502-3349-423a-8a54-625c35619fec>,0.2
<urn:uuid:a44a56ff-36ba-42d8-bb1a-c686f58f1bc3>,0.45
11367d48-c66b-4c3e-b933-df21507f09bd,0.45
<urn:uuid:68057c2e-d7b3-4daf-8f75-6d6ff9f554b2>,0.55
25764d60-4d0c-43e0-afa5-7eb5a82a956e,0.55
<urn:uuid:ce804f5f-b8d4-4867-8258-1de575f4cb31>,0.45
<urn:uuid:6d772c4a-20ec-4802-81d8-7f65133ee1b9>,0.5
<urn:uuid:be84e497-5a8b-457c-82cf-91c73026a63f>,0.5
<urn:uuid:e852e833-4b97-4b83-be19-aa0673664323>,0.75
<urn:uuid:63ff38f3-8499-44d9-9baa-0f7e6056c699>,0.8
<urn:uuid:d61f8aa8-22b2-4fba-9447-0362ff3a8446>,0.55
<urn:uuid:0a426a9d-0748-4377-b206-57988b830003>,0.2
<urn:uuid:635761b6-3b71-4d13-8907-d78b9c09d6e2>,0.65
440c29cb-b2b8-4784-bd47-b8c933047524,0.8
<urn:uuid:dca87f7c-a705-4222-af48-ea190ef7011f>,0.15
<urn:uuid:6c1c0397-ae7f-44cd-8d67-397e96369d14>,0.2
<urn:uuid:73853096-685e-46ea-89de-34e11cc0faf2>,0.5
<urn:uuid:227e0c94-9b49-40d1-a9fc-fdb85279f669>,0.3
<urn:uuid:2cea2911-a876-4090-9b94-362391f2cdc3>,0.5
<urn:uuid:406d4c3a-4be8-48b1-ae2b-049355db2679>,0.5
<urn:uuid:b8e0d713-0a63-49d2-a391-7592f8f0cc8b>,0.5
<urn:uuid:5f895894-cf32-46cf-9fd0-fd82f91352b4>,0.5
a49fa017-562b-459f-b863-3b056994e5f2,0.3
cb4f403e-ec3e-461f-8102-1daaf9996bbe,0.5
<urn:uuid:9fae4c3a-f858-49ac-9a0e-b35a7be3ffaf>,0.3
<urn:uuid:3d62e24c-8c30-4549-8f19-b2c65c5254c5>,0.45
<urn:uuid:83e7ed29-d6b6-43bd-9d57-cb7729d829cf>,0.7
<urn:uuid:e82de643-14fb-4a5e-8c5d-9060b85bc6ac>,0.4
<urn:uuid:935226a1-6f6e-45a6-8ec4-a8e59ec7c154>,0.3
<urn:uuid:570a38b4-9f8f-4d40-95f8-af16591b729f>,0.30000000000000004
<urn:uuid:958f7d44-8fcc-46cd-8afd-f6697de31317>,0.8500000000000001
<urn:uuid:dae57374-cde5-40ae-8fde-8729d2d8e214>,0.25
<urn:uuid:35ad5d8b-ac61-4469-953c-c24deb3e79ba>,0.55
<urn:uuid:b49bd983-c732-48ee-97fb-71aac7839f14>,0.3
<urn:uuid:3c63ad87-7237-44d0-a46f-dfa57cf9bcf1>,0.25
<urn:uuid:b2cea170-2413-41a0-941d-c7fda2f126ca>,0.7
<urn:uuid:e90a8a60-7c79-4405-9e62-8193a432e7c4>,0.2
<urn:uuid:51359317-9106-4db8-8981-63de7764d543>,0.35
<urn:uuid:9fa54ca6-d2b3-4456-9725-28fbb3163b04>,0.55
<urn:uuid:0bc29f87-875d-49b6-8af8-c804a74b346b>,0.45
<urn:uuid:c3875c40-856e-4f5f-a13f-d510a4eedcc8>,0.25
<urn:uuid:6fee82ce-cde8-4518-8b6f-f3968f97a54f>,0.55
<urn:uuid:ed329890-2906-4a65-90b4-ca58bc0310f4>,0.2
<urn:uuid:e17fd349-08fb-433e-932e-c3d7f0f3e8db>,0.35
3b3f8114-d1d4-430f-bb45-26820676dcd0,0.8
<urn:uuid:1a802507-5ba7-48a8-a541-49d22c58a54d>,0.5
<urn:uuid:7c2d857a-7f0e-4470-b82c-a191f2f3920c>,0.5
<urn:uuid:75c728dd-2eee-4dcf-8d0a-0560df2dd794>,0.05
05c1262e-172f-4ea5-8fc6-490599bb9c2c,0.2
<urn:uuid:00df0733-bb7b-4180-bf30-0af0aa7537e3>,0.75
<urn:uuid:6bf16500-4186-4e17-b3df-7cc78fbc0340>,0.65
<urn:uuid:cbf6c5b1-1f03-4e88-a64b-57976078c577>,0.5
<urn:uuid:40e219a8-9d66-49f5-9f35-bb52f1cf1699>,0.2
<urn:uuid:f7f512b3-1936-40c2-8851-00388a2f206e>,0.45
<urn:uuid:f79979e2-82d9-49a9-a19c-b1fb8617ec8e>,0.25
<urn:uuid:314ad890-40f4-48aa-9268-59854d29d8d1>,0.65
<urn:uuid:09470ce7-2b89-4b8f-bbff-56854d371205>,0.75
9f395a8b-e93b-4309-8acd-ab427956045a,0.2
<urn:uuid:5e73b912-ae45-4765-8ac0-f8be2b299468>,0.55
<urn:uuid:8c9ffabc-5e09-4672-aaa6-f8cc34afaf6f>,0.5
<urn:uuid:23c96ae8-6332-4767-a225-a4fdfe59040d>,0.75
85708616-88bf-4f96-b9da-6bace4d47add,0.3
<urn:uuid:d6f9203c-ffc4-410a-ae8e-8cee965b970b>,0.35
<urn:uuid:8aea5aab-787e-4ea4-83cc-be69b01b3268>,0.65
<urn:uuid:4ed1fac9-743c-494b-b29f-c40f4cdf79f7>,0.65
<urn:uuid:a873e1fa-e531-40cf-b1c4-0b5ef3c7a032>,0.5
<urn:uuid:b0b9ceb5-0cc0-4426-88b5-c4360d136d7f>,0.35
<urn:uuid:4af85695-b743-4348-a9fe-86f5e7392e99>,0.45
<urn:uuid:d4e5502d-73a7-4159-833e-e81b13f97118>,0.7
<urn:uuid:e54a3c7f-dcd9-4fdb-ad17-56e116d7accf>,0.5
<urn:uuid:acbed515-7444-401e-9761-6b98ac6e4fa9>,0.5
<urn:uuid:f6b6ad2d-1f9c-4f38-a77d-59f4c48e2787>,0.2
<urn:uuid:53d72211-c363-436a-bb5e-566cc58d5a4b>,0.6
<urn:uuid:fc852d84-7061-442b-a495-e35528ee61c9>,0.55
c82a363e-19ba-47f8-8e0d-6ccd4e76bc82,0.5
<urn:uuid:04a30998-a576-4916-9971-779d4d1165e5>,0.3
<urn:uuid:e1198aba-1cf0-40d0-b4a0-0dc63538e75d>,0.3
<urn:uuid:297ea035-a46f-4ce0-9fad-80335c5bb1c5>,0.65
<urn:uuid:f0e64b5d-b7bc-403a-a4f1-dfb5360e03b4>,0.30000000000000004
6fc5d1a4-a92a-4c2c-9708-3ac2521932ea,0.45
<urn:uuid:9ba9aa3c-6591-4328-90de-0fe3106344db>,0.5
<urn:uuid:4853664c-add7-46e2-a5a5-9f2f08fc3de5>,0.65
<urn:uuid:e903ba15-06c6-41f9-bc63-9823593b38e8>,0.6000000000000001
<urn:uuid:6d332659-3525-4d95-8f1b-d7f26e0e9e9d>,0.6000000000000001
<urn:uuid:523d7887-f10a-49a0-933e-a1a4f3efde89>,0.65
<urn:uuid:760b1bef-4517-4120-8f6e-369cab49f823>,0.2
b6fb85bf-c12b-436e-8e2e-66312e24b956,0.44999999999999996
5c135332-5967-4f4d-8a50-1db757682f3d,0.65
bfdfacde-00c4-49f4-bad1-2710f5c3f009,0.5
<urn:uuid:1f73f018-ad73-4646-adb6-c635f9e63269>,0.25
<urn:uuid:ba29da4e-2276-4bab-b87e-c9980d4f4774>,0.25
<urn:uuid:ea0f2326-7ec2-40ce-b5fd-5de4ab2df2cb>,0.6
<urn:uuid:4fa65f98-7f26-4c99-8841-b48e69219ecc>,0.5
effe8d2e-028a-40aa-99bd-256c040305e3,0.25
<urn:uuid:59130946-4d0f-4ac6-8054-8278f84e97a4>,0.55
<urn:uuid:b6205bf0-8e0a-4047-83eb-a3d93fed27f7>,0.2
<urn:uuid:0b649155-af4d-4358-be67-022152770d74>,0.25
<urn:uuid:6dd8c311-a077-4383-988e-174023311e6e>,0.5
<urn:uuid:3de7bc5b-7d48-4919-93ff-9855decd465f>,0.55
<urn:uuid:a5424874-1ce7-4a91-9e2e-db5a05463453>,0.25
<urn:uuid:76a26297-2f5a-4b21-a862-874ddf9a7f6f>,0.45
<urn:uuid:b7320d94-96bd-476c-9877-2cf16a774843>,0.4
<urn:uuid:935786d7-00e7-4e5a-95ff-968fe2c980a2>,0.55
<urn:uuid:9d4bd8b6-7bb8-44eb-b9e3-1ef40b671015>,0.65
<urn:uuid:311f54e8-2abc-4a88-bd72-a8427541d3b6>,0.25
<urn:uuid:298cb752-0cd2-4d1b-826a-d6089a576853>,0.75
<urn:uuid:6bd89511-e56c-41d1-b5ab-17163780930c>,0.7
215e6417-9e33-4283-8967-067bb4e41664,0.6000000000000001
<urn:uuid:7735a6ef-0a2d-461b-a275-2131a45c865d>,0.6000000000000001
<urn:uuid:a56f8b20-3638-4561-8a5a-47766b5b3106>,0.6
f9e51dde-9663-41da-bbeb-692cb72683e8,0.65
<urn:uuid:20fce611-1d82-4b62-af6f-9786cafeccca>,0.75
<urn:uuid:d19800ee-106e-47cd-89ec-f1b931fb0d3a>,0.2
<urn:uuid:d63369da-fb52-4ed2-af05-ff63cb6eafe9>,0.4
67883c8a-d2e0-49d8-a4d3-dd72aedfb224,0.5
<urn:uuid:b84d8cff-ccf5-428c-ae35-3093de1287b0>,0.5
<urn:uuid:19543751-a181-462d-a30c-7fdf2f8d619c>,0.55
<urn:uuid:ad3ed094-cd23-4594-a369-f1eddc6e2c8b>,0.15000000000000002
<urn:uuid:ae649f33-f9f8-4d22-bebc-9a89fb8cefc7>,0.25
<urn:uuid:1c23170a-569e-4c9e-a131-3d803a1fd6a6>,0.35
<urn:uuid:b6424f9c-b956-4353-89de-08a7f2f265b7>,0.65
<urn:uuid:2897e158-c15b-4b5f-a6e2-fd282976630a>,0.45
<urn:uuid:2b51574b-e731-4a40-a99e-9ee76a9f887f>,0.3
<urn:uuid:eea17b49-87d5-4fdb-98ed-5b8ac6746d9f>,0.15000000000000002
<urn:uuid:8f67d621-2af2-485f-86e9-b6622acf90ab>,0.25
c14cf078-5232-4b0a-8fa1-4a05650eb7f0,0.55
<urn:uuid:a5e8fdb1-a77f-4302-9cc1-45387e4bc61d>,0.55
<urn:uuid:fe12453a-9ff6-4aac-afec-e53e0330044b>,0.1
86a347e0-fdf2-4217-9a25-564cbe72026e,0.6000000000000001
<urn:uuid:ea62feb5-2fd3-4816-9a59-0e4f14f5fd52>,0.2
<urn:uuid:d0eecb39-8bc2-4301-9276-9ea9435ec6f9>,0.65
<urn:uuid:4a908f31-4ab1-46b9-8e6b-c66c6eb5b2ec>,0.35
<urn:uuid:dd8dd456-8fb8-4f4a-908a-05bb90543c45>,0.6
<urn:uuid:590fb99d-593d-4ce7-9123-f6fb8521d2d3>,0.5
<urn:uuid:08f76db9-655f-4e13-a153-d5ee7aaacb81>,0.55
<urn:uuid:ae06531d-7e07-43e7-88ee-3fa323ded72f>,0.75
<urn:uuid:b36b71a2-d2af-4a80-9cda-81bd376fa369>,0.05
<urn:uuid:f66a1276-e9bf-499a-9ee3-dd122d740b0f>,0.25
<urn:uuid:788f92aa-0d28-4e03-885d-fee30994b8ef>,0.5
9b83a47b-0260-469f-bd3d-9d6e52ecbc0a,0.6
<urn:uuid:d7897c6a-b18c-494e-a2f8-089a44d5a17a>,0.45
<urn:uuid:1bf1e810-2523-4d3b-a342-3512e1337f9a>,0.1
0dae571f-1261-4bff-a609-20543547e581,0.55
<urn:uuid:62e3dec7-1b27-4af3-aca3-0853eaedc9e2>,0.7
fe151dfd-b0e0-4210-ad2c-e394920d2c26,0.5
<urn:uuid:58764bd1-39e9-40b3-8899-379a75d03dff>,0.6000000000000001
<urn:uuid:51ea8fd7-b419-4e5c-9dc2-514ff5e25a23>,0.25
<urn:uuid:726e0ba9-6d6c-4383-98a0-5e34ce42719c>,0.55
<urn:uuid:ad82ed95-e0b1-4303-ba3c-b29c12908021>,0.5
<urn:uuid:6af10a4e-0193-4452-85a3-af4d7f3c35cc>,0.25
<urn:uuid:6bc3b7b7-b4cd-47b9-ad74-0f812f1fd821>,0.5
<urn:uuid:318c8dca-4fd2-4d2e-bce4-19fd8dd4c35e>,0.5
<urn:uuid:6c3bcbc3-600e-47ec-9854-d3e0b933bfdb>,0.3
<urn:uuid:d33a5da1-2673-4ea5-b3d6-3aeab0e5431b>,0.55
<urn:uuid:f90b6d26-d1ed-4daa-8c15-bd9b9735d539>,0.45
b05abcf4-cd99-4859-b379-2a17d63db780,0.3
<urn:uuid:a4a2c972-5373-4bf5-a614-ecef74ab0ebf>,0.55
<urn:uuid:af31c258-fd55-4e08-b86a-b7a43406842d>,0.55
<urn:uuid:fe383534-2940-4fda-a81b-3aa0fcfbce27>,0.5
<urn:uuid:db110180-783b-484e-a82b-61492bb5db5b>,0.55
<urn:uuid:93d9fe2e-d7a1-489d-bc87-e84cfc9be7ff>,0.55
69a8d352-7d6c-4d43-b380-978b723b078f,0.5
<urn:uuid:18211939-8984-4716-96b6-b5a764c4bf96>,0.6000000000000001
<urn:uuid:79a7b733-916c-4a0c-ae17-56edf4b32515>,0.2
<urn:uuid:44251ae8-9981-47e2-8743-5efdcc6da418>,0.75
<urn:uuid:a4c4085d-e80d-4af0-8437-be7c93a670a6>,0.45
<urn:uuid:226dacc8-bf26-44ec-b0e9-4a2b3368c038>,0.35
<urn:uuid:cb68cad5-67c8-4fa3-a401-8c3e89550378>,0.39999999999999997
f17b75ef-30a9-4672-a41d-239d1594c96f,0.7
<urn:uuid:8528c6a6-167e-4f67-ae91-d23823407b55>,0.5
<urn:uuid:2aa1b849-ede2-4abc-a114-1f7d6f1a3a8b>,0.5
<urn:uuid:1d1ae95a-a54d-4f1b-b3e0-da98c307b974>,0.5
<urn:uuid:bc1000f5-2cf8-421e-9b69-a8597152b31b>,0.5
<urn:uuid:7010ac31-fb65-4021-ac4f-587ec53be5c6>,0.45
<urn:uuid:b5c7cb75-8743-4c5f-961a-3c93424994ec>,0.75
<urn:uuid:dc690e16-6768-4276-95eb-f70c1509f05a>,0.4
<urn:uuid:a565a150-4a6f-4a56-a979-661eac4f70bb>,0.25
<urn:uuid:daa9a9d4-5042-4798-a9a1-c75b69cd6530>,0.8
<urn:uuid:bb8e6fcd-f9d3-47ff-877b-3db793520562>,0.39999999999999997
<urn:uuid:412521c8-7ee3-48c4-9638-5adb3904113d>,0.25
<urn:uuid:62e0a3e1-b0ed-436a-8f25-e2a022902b8f>,0.44999999999999996
<urn:uuid:d46ae27f-b86c-4c25-9e5b-a4cff47d71f2>,0.55
<urn:uuid:62e0b05d-234c-46c3-b853-dcc7b81976ec>,0.5
<urn:uuid:fcc61b58-8db2-4f08-8db3-bca1702017ff>,0.2
<urn:uuid:4a5b8b0b-ecc4-4a27-bb48-63d3323b6aed>,0.8
<urn:uuid:63839786-118c-4340-b355-e78c77cfae6e>,0.8500000000000001
<urn:uuid:e4a81c29-7a4f-40e6-b26f-db97d6fe66fe>,0.25
<urn:uuid:68d6185f-7e5e-4d91-a6bf-1c7a0ff2ebf2>,0.5
<urn:uuid:a15da979-f136-409e-ad92-295fd6f0aa97>,0.15000000000000002
<urn:uuid:2b69d9da-8dec-4bdb-a5c3-a26e15216def>,0.2
<urn:uuid:a72f0fb9-9076-492e-b850-cccf478aa192>,0.45
<urn:uuid:0a9ddc92-1f39-4915-b700-a4bd7101a165>,0.55
<urn:uuid:b5b2333d-5458-46ee-8b59-1cf7324c7f4e>,0.35
<urn:uuid:50977972-d39b-4236-b05f-3df6893a13f9>,0.25
<urn:uuid:d61f04b1-470e-44bc-9438-aa686be5d97c>,0.5
cdb23f9b-6aec-42fc-a91c-19b7e62152c4,0.45
<urn:uuid:8c445941-718f-4396-946f-c354cfe02024>,0.2
<urn:uuid:f4ae27cb-7053-4ac0-aa15-90a5882bae45>,0.55
<urn:uuid:4cf3606b-6eea-405e-836f-a9809f0317e5>,0.5
<urn:uuid:43a83b9c-ba55-4c32-a632-b074c38a4248>,0.6000000000000001
<urn:uuid:0b7dc8d5-562d-4e61-ac13-114ed37d8862>,0.1
<urn:uuid:dad18741-64da-4a37-acec-131088fefed6>,0.2
<urn:uuid:820e10c1-5838-4071-9742-de664c9f28f4>,0.55
<urn:uuid:c85510ee-efa3-4710-ba81-27a32eb5dd3f>,0.45
<urn:uuid:bcbac5ba-8038-4df3-93ce-497117073643>,0.65
<urn:uuid:55af3c1a-d93e-40e9-91b0-1adb869c28b0>,0.5
<urn:uuid:8d55a032-d1c5-4c9a-a028-97affe028e8c>,0.55
<urn:uuid:b3b9f1dc-d05b-4806-9a31-4e3cdd364dc2>,0.6000000000000001
e0be12cb-241b-4572-90eb-d13035578e5a,0.45
<urn:uuid:2de8dba0-b615-47e7-a7e3-420d79c3480f>,0.5
<urn:uuid:a4ac959f-2df4-4dcd-a25f-aed63b4a6a75>,0.65
<urn:uuid:e6d731de-ce0c-4701-9c58-e6a234a85fe8>,0.55
eb6a030d-9831-4ebd-94f9-0e02474d481e,0.8
<urn:uuid:d05256bf-6223-4589-a06c-57f9c49a96cb>,0.55
<urn:uuid:3fb7107d-4414-4e90-beb4-0483fdfebff7>,0.25
<urn:uuid:dba92292-0bd5-4928-8f65-243db957dca9>,0.05
<urn:uuid:d1c4bd16-8b8f-4947-8ccc-b01263e23a67>,0.8
<urn:uuid:22533cc7-e9c3-47a3-a9d8-a7f847450dd3>,0.39999999999999997
<urn:uuid:3b1d6bbf-ace0-40e3-9723-6c9f7c0001e6>,0.55
7fbddef1-86dc-42b6-839e-f1aa3bae208a,0.5
<urn:uuid:ddb722e9-0f51-4bd6-a4ca-eef1f2aaf13a>,0.25
<urn:uuid:753a7d41-60d7-47b0-b58b-f350e606b35d>,0.7
<urn:uuid:84c37be5-6284-44d6-b472-0cf4f6e61f10>,0.35
<urn:uuid:1badfdcd-ee2c-4e2d-bac4-d7f029891ceb>,0.45
<urn:uuid:f55ada75-c40b-42ec-8e68-7786b28384fb>,0.39999999999999997
<urn:uuid:c25a7e93-c126-42d9-9099-ac41953e68bf>,0.2
<urn:uuid:1823ac66-001a-4e64-9437-f3de345f70b2>,0.45
<urn:uuid:11035fea-a024-40f5-8deb-b4cf76319ea7>,0.55
<urn:uuid:05f0d861-070a-43f5-9bf7-bfe2b3d9485e>,0.45
<urn:uuid:18bf0b28-38b3-43f8-af84-b244e2e75d66>,0.44999999999999996
<urn:uuid:cb163fd6-0fd6-46ef-8a3a-3e755a94f5f1>,0.5
<urn:uuid:18ffcd4d-fe43-42da-8467-e5c84dce0a58>,0.65
<urn:uuid:292f106d-05c5-4279-a29d-98a02076a3fe>,0.2
<urn:uuid:60ccd1e1-a7ec-4809-8070-7f0f2bcd8875>,0.2
<urn:uuid:3067cd86-9893-4700-81a0-3677f3dc2ced>,0.25
e81a0c71-af3f-4315-bc6a-3a2485372dc4,0.55
<urn:uuid:23a68213-8715-408d-b276-d3ae59197238>,0.45
<urn:uuid:5cdef9e3-fa15-41df-bc18-0a0a4ee0476a>,0.3
<urn:uuid:0143a107-14ef-45ed-846a-78ef8224e0e1>,0.4
<urn:uuid:91531c8d-e3d6-405a-a1a9-b7fdd76fda06>,0.6000000000000001
<urn:uuid:9ad7f68e-1da4-4ec7-bf16-f6a410289f54>,0.6
<urn:uuid:06b22839-b2a1-400b-b0e3-858e60329c0a>,0.3
082bcf88-7464-4440-b9e3-d04c774d476f,0.5
<urn:uuid:55564f7b-bac0-4867-84e3-9ec9152a9023>,0.25
<urn:uuid:96241fbf-b9f9-4298-9c19-3d2e494017cb>,0.25
<urn:uuid:f1b1a36d-3df3-4bad-82cb-bab324eaf532>,0.44999999999999996
<urn:uuid:e3dadd96-cd83-447f-8826-d3e9c701ea49>,0.8500000000000001
<urn:uuid:8646e2b3-0377-493d-99df-b9e748c17e88>,0.5
<urn:uuid:dcda9050-0684-47ad-a0ac-f389e1fac5c4>,0.55
<urn:uuid:1d31d016-dc7c-4b9b-91cb-f1f8f8065d96>,0.75
<urn:uuid:14669a03-dfbf-4ad7-b43a-07ad6c01f396>,0.25
<urn:uuid:a48b8e2b-da16-46e3-a776-5101995e13de>,0.1
<urn:uuid:0ef109c1-cf21-4bfa-8320-e44e00ed88a2>,0.3
ff76db2c-b9bb-404c-9f73-1ae75e798637,0.65
<urn:uuid:6ffc0878-aa35-4af8-b9a0-5b5391e2ae3d>,0.5
2d6ae4d1-23a9-4dcc-bee5-2cc908b4712d,0.4
<urn:uuid:157cd556-8ee4-42d3-aca4-25236b070e13>,0.45
<urn:uuid:dc170859-cdb4-402d-9da7-b0f9a4a3258c>,0.3
<urn:uuid:d7919c2b-7776-4d7b-a32c-f8af44d30f48>,0.5
<urn:uuid:0bbb09b8-63df-413a-bfa1-781fb5b31d34>,0.1
<urn:uuid:bed2bb54-be4c-4723-a698-1cae3c3d9db4>,0.65
b4a0d12f-8a15-4a15-aa20-c6475b79f3da,0.75
<urn:uuid:9776d90d-a3f9-4ff2-a2b9-69ee9341d446>,0.6
<urn:uuid:3b939028-b244-43b1-8db9-08c0c94b4812>,0.6
<urn:uuid:17822f7c-2209-49d5-b8dc-5a57030e45a2>,0.8
<urn:uuid:bd697891-bfba-4c3b-be59-e38c7ca560f5>,0.6
<urn:uuid:fdb8416c-10f1-458f-bb8e-ca231a06a441>,0.45
<urn:uuid:1e64b1fa-34c5-4368-ab67-96a99a726311>,0.25
<urn:uuid:63d1d091-95ee-404f-85a6-d4d587bccb02>,0.44999999999999996
<urn:uuid:311f24c7-f5a0-426f-9090-0732f62da0f1>,0.35
9aed6d72-ffd2-4c46-a68d-1e509057d2fe,0.3
<urn:uuid:2fcbbb78-1864-46f5-8a9c-fa974fc9b41a>,0.5
<urn:uuid:4624f2c4-093f-47d2-bc6d-e164562ca66d>,0.65
<urn:uuid:f9d770b3-79ed-4102-b462-f0c026dd9b7e>,0.5
<urn:uuid:952d487e-d29b-47f2-9147-c375ea59976b>,0.55
<urn:uuid:821189e2-4f97-463e-a2dd-cfc6e12344e4>,0.7
<urn:uuid:7fb7bdcf-87b4-4e63-8610-89d78f56d4c6>,0.44999999999999996
<urn:uuid:35aa5360-52da-4bb9-aec5-03762849457e>,0.5
<urn:uuid:3a4fd245-cef1-4e1b-959b-1924589b9762>,0.25
<urn:uuid:6967f8e4-5f7f-49b9-8f51-bb2187bf98a0>,0.75
<urn:uuid:e8dc76c6-bd91-41e9-9dd9-5c89a8b3fc8f>,0.5
<urn:uuid:e0d46851-135b-4b9c-b748-94aba16cb947>,0.5
<urn:uuid:30162ca6-e383-4735-8937-83740cd01ba7>,0.35
<urn:uuid:230aec38-29e3-4c5d-8905-b3edec522200>,0.55
<urn:uuid:f205aab9-e2db-4401-888e-21609b093c84>,0.75
<urn:uuid:4306c237-548f-46ad-9875-9792102244a6>,0.15000000000000002
<urn:uuid:12e84c2b-d73d-4824-bddb-bd62bf33e7c0>,0.8
<urn:uuid:845ce66d-bc57-4211-8529-fdffd8b33221>,0.65
<urn:uuid:e4a24ce1-ece9-434e-a4b6-09f73781b3e7>,0.45
<urn:uuid:c2a4e228-6eab-4784-89a8-02fc10176558>,0.5
<urn:uuid:1f2668b8-917c-4839-ae06-38f53b20c97c>,0.39999999999999997
<urn:uuid:78afddcc-fae4-45cc-98ce-bf9dbc606300>,0.44999999999999996
<urn:uuid:216d5228-bdd1-4dda-b1bc-f73b31588b15>,0.2
<urn:uuid:b01dee21-92ed-40e3-b01f-9a45215bb0f3>,0.2
<urn:uuid:714448d6-a2df-4241-bbb0-51e466d55d4e>,0.45
<urn:uuid:9c7ce16a-038e-4cc3-8e12-815b3386c07b>,0.4
<urn:uuid:8bef4455-7e9a-4d5a-be8a-a853321a716d>,0.35
<urn:uuid:8c81ec88-b542-4bb9-acdb-bd98b8f64b8c>,0.6000000000000001
ac90ef51-669b-4c11-9e25-f4e084623f59,0.75
<urn:uuid:2cfcde5d-01e4-4edd-889d-22a79832df9e>,0.45
<urn:uuid:07df1d78-59d2-4b3f-a173-9d1cad170774>,0.3
<urn:uuid:a7f868d8-111b-4938-a83d-ea5b1672bd17>,0.6000000000000001
<urn:uuid:3d30d74b-e576-49a0-8bca-5876bda420c8>,0.5
<urn:uuid:11be7bd7-67dc-4728-a971-f3fb6efe33f3>,0.2
<urn:uuid:7e59aff4-dd9b-471f-b28c-29443671f6c0>,0.5
<urn:uuid:32c78ce3-46b7-4c71-95d8-73bd4c50f66a>,0.25
21903d8a-1d1f-4090-857b-0ff63e2eeafe,0.4
<urn:uuid:08a64d00-8d0e-4362-9c40-9e07ce253003>,0.8
<urn:uuid:98f01611-e889-4a4f-8596-9448bed83901>,0.15000000000000002
<urn:uuid:dd4e2d67-5476-4e08-8d72-4f0ae9fefdff>,0.5
<urn:uuid:78a168c6-a95f-44d9-a6a4-48955f50a7b9>,0.55
<urn:uuid:01eb7cc0-5369-404f-920d-9b2ac384de42>,0.25
8db32a03-dbce-4f43-89f7-5ae20b1fe102,0.25
<urn:uuid:37f18114-830b-47e2-9865-aea8eb177095>,0.44999999999999996
2a25fbc3-7643-4a27-86c5-96bba2cf69b5,0.6000000000000001
<urn:uuid:2afcf108-aea0-479f-9871-d738bf252b04>,0.4
c1038c85-cd2c-4aeb-83cf-19cbd2bf04f0,0.45
<urn:uuid:d68d5cb9-b535-43a7-ab22-a29f37b24476>,0.55
<urn:uuid:a38a8956-1711-4f9e-9e3e-4807b08185b9>,0.5
<urn:uuid:23995481-040a-4701-8780-0376263be241>,0.39999999999999997
<urn:uuid:8ee32eeb-7b33-459b-9b5e-8eb7a65ce073>,0.3
<urn:uuid:8d352d77-418e-421c-a98c-85946330d913>,0.55
<urn:uuid:58a99740-52d9-4cd0-a24d-be5fee4177b6>,0.3
<urn:uuid:abf884a3-7c9c-4423-aced-b78ec8c0b398>,0.4
<urn:uuid:d9aec716-e037-4407-b3af-f8b6b22869ee>,0.5
<urn:uuid:4bc6e6ac-7b4b-4327-bac7-e61b278c4351>,0.5
7ecac1f4-65e6-4061-8132-7d8e8f3721ea,0.55
<urn:uuid:dd736581-defb-4a1e-931f-76287997ad40>,0.35
<urn:uuid:016b6f24-5076-487b-ac9c-0d1d79d24c3f>,0.75
<urn:uuid:5b114930-9981-4ad5-871f-058272dd0345>,0.6000000000000001
<urn:uuid:b3762923-b1d9-4d3f-a24f-55930045dbdb>,0.6
aca2c4e3-f821-4d47-9209-42a06d101922,0.55
<urn:uuid:00640cfa-a906-49a8-a39e-8fb9901752fd>,0.75
<urn:uuid:cfc54935-6979-44c3-8305-d16110d6b375>,0.15000000000000002
<urn:uuid:5d5e795b-d8f0-4c60-87ef-bb959b992bc7>,0.35
<urn:uuid:bca8ba5e-138e-4e8d-8b8c-0a606134d2b9>,0.35
<urn:uuid:df088456-2703-4066-933c-85bafc4ff291>,0.6000000000000001
<urn:uuid:2b4e7f5b-2842-4dec-8156-2d320fc9a5e3>,0.2
<urn:uuid:1093559b-fac4-49d4-930d-52b62a4292a9>,0.45
<urn:uuid:6a077d16-739c-4149-a57b-bf684fd7d901>,0.45
<urn:uuid:23693bbc-123b-4553-8ed8-2cf46b11f983>,0.5
<urn:uuid:5bae8c9e-2f12-4026-bc41-a6b277be0d5f>,0.65
<urn:uuid:21a4103e-26db-4d0e-826c-ecdce5c2c7c1>,0.6
<urn:uuid:d4c2fe00-5d86-4fd5-aa44-a2587ef93b8d>,0.35
<urn:uuid:4ae5cc50-f77f-4700-9895-2c8c69d2e110>,0.2
<urn:uuid:fe19c94a-1540-4129-a28b-35d0f5fad460>,0.6000000000000001
<urn:uuid:d52e6fa0-05cd-4875-beb5-349c031a2c87>,0.6
<urn:uuid:219a2730-3faf-4a32-8f23-fff654125e1a>,0.2
<urn:uuid:1107b9cc-f730-4b49-b38c-275d2efbc1d8>,0.65
<urn:uuid:d29dc13b-4863-4fb9-bc0c-26862e7d4848>,0.15000000000000002
<urn:uuid:193faf2d-0f06-4d08-bf3e-71313f3f6197>,0.6000000000000001
<urn:uuid:4a08132c-fe98-424a-92f6-cfd5734aa5fc>,0.2
<urn:uuid:5881ad50-242a-45dc-abdf-78995d15b974>,0.55
4b809892-6afe-4fc3-9188-8c1caa2178eb,0.6000000000000001
<urn:uuid:d052f29d-222f-4c39-8d40-6cc0af3ec542>,0.35
<urn:uuid:924950f0-90a2-4d24-8907-964aaa139181>,0.35
<urn:uuid:4b0ad074-eb05-482d-a10a-ed3835f89be1>,0.35
<urn:uuid:812cf067-5eed-4366-b743-219f483138c5>,0.5
a5844896-216d-437f-adc4-9db3bfda398a,0.5
<urn:uuid:979df62f-2b1b-4ffe-979b-94b0c4f00175>,0.25
<urn:uuid:b14db018-d584-4d5d-aa9c-8de69b456946>,0.45
<urn:uuid:2a7dcfb2-eaf6-4639-8f8a-a7a0f2d63576>,0.4
<urn:uuid:0101df80-ec14-4655-a5bb-0f4a525b5fbd>,0.65
<urn:uuid:95ba2062-5356-428c-8e1b-49652f9fa0c7>,0.55
<urn:uuid:cf6e3360-4d7f-440f-83ab-fe3a26fd0efb>,0.75
<urn:uuid:4114e12c-587c-40ba-9067-3c4e54620060>,0.55
<urn:uuid:77118396-d833-4344-b599-9ef02e93ed0a>,0.2
<urn:uuid:15c36eb7-4532-42d1-a18a-936c6ae54075>,0.45
<urn:uuid:d2d45b56-9506-450a-b25e-6a6ae5e2bdeb>,0.44999999999999996
0794cd4c-be9c-4518-ae9c-204d60e0ae63,0.5
<urn:uuid:81db3307-1783-47e6-a859-7dee1b0a2498>,0.2
95b9d324-257a-4e7b-b2e4-d75ede8e93c2,0.55
<urn:uuid:012506d8-fe92-49f6-8841-2eaf14881729>,0.75
<urn:uuid:b7389809-758e-45a8-840e-7da7b9892b88>,0.5
<urn:uuid:554c51af-70d9-4d2e-9c99-0f7b30584e0e>,0.3
<urn:uuid:1083dbaa-6a87-4aea-af6f-738805356bce>,0.5
<urn:uuid:e195f122-3891-4d61-817f-26ad516c4720>,0.55
<urn:uuid:8f85738b-eadb-49bb-a5a3-19cf5c43bec7>,0.8
05e3624c-c970-442d-b609-d7311ca3a9f2,0.6000000000000001
<urn:uuid:c63b292b-c2fd-4f77-920c-dff3462beecb>,0.5
<urn:uuid:73871db3-8198-41b8-83e2-c57ac911ea3b>,0.7
<urn:uuid:740fb0cd-892a-404e-9d78-ed08afc17c1f>,0.39999999999999997
<urn:uuid:26368d92-6a76-40d0-aaba-49268da8fbb3>,0.39999999999999997
c6ac6d7b-e41e-4ac8-b1d8-a69af90ffc84,0.2
<urn:uuid:e14051dd-bdc1-4758-91f7-88a82d901774>,0.15
<urn:uuid:0e5c1a32-4f94-4862-b9b0-1b53230b027b>,0.35
<urn:uuid:b305fb0f-7368-4867-a3ee-106369d95fae>,0.65
<urn:uuid:e750e87e-58e5-4c9e-8c82-0ef7cee4e551>,0.45
<urn:uuid:6ecc9802-9eb1-4ac2-a164-7549407c0fae>,0.5
<urn:uuid:a889a655-27ac-4047-8f7a-2a2ef2fe16d3>,0.75
<urn:uuid:94c4cbae-ad1a-458d-9950-5abb18d43f45>,0.45
<urn:uuid:d6a082fe-d617-4eba-9d5a-d467296c7aef>,0.5
<urn:uuid:dd99307d-baf8-4765-8ac9-0423419a62b6>,0.2
<urn:uuid:c57273c2-7ca3-423d-ac28-7c150a22ec3b>,0.15
<urn:uuid:1a0450ae-164f-4ba8-820a-b0d6992fc8dc>,0.5
<urn:uuid:1d68dfd0-b9f0-4742-abfb-07b6f195dd27>,0.55
<urn:uuid:a4179069-2b86-45aa-b997-342e8a1a3cbf>,0.5
<urn:uuid:c07ed247-a5eb-4cbc-89ad-19929a236611>,0.3
2d534b24-7abf-4ac1-8d50-44e6d28d7ece,0.55
<urn:uuid:c3e889c0-9b94-4276-a1b8-dc140d66599b>,0.65
<urn:uuid:0a6ef783-b509-49ec-a479-ab0f341d1fd2>,0.55
<urn:uuid:09ec5a6b-62d1-462e-8a77-ecd4ea5c5efc>,0.6000000000000001
5bb740b1-9c8a-44e3-bfd0-1dec319c77e0,0.75
<urn:uuid:64128340-87dd-4aeb-bbec-826a9feb1a34>,0.2
<urn:uuid:73890395-868a-4818-9f9e-ca1972f3d4c3>,0.45
bc73f4fe-4807-43ac-86bc-13c418dd3fc4,0.35
<urn:uuid:e21f688d-e408-4be0-a96d-a4035a564fd7>,0.55
<urn:uuid:72ef6c76-518a-41e9-8300-6264c3d75c8b>,0.25
<urn:uuid:4b48f090-ca54-409d-a8dd-73e852172827>,0.65
<urn:uuid:2df0d9c8-da93-4051-b26c-50024065c80a>,0.5
<urn:uuid:d071be8d-37f7-4c6f-8173-ccdf18fd7daa>,0.2
<urn:uuid:2c4e6c02-2bd4-404a-a494-fd03b9bb20c3>,0.15
<urn:uuid:ef41dc6c-3c62-4520-85c4-4a7a9882fd68>,0.55
<urn:uuid:de6b56eb-fab3-48ef-bbd7-b7aaa47c1538>,0.55
<urn:uuid:cea66e7a-f77c-4681-9855-4730228a4103>,0.39999999999999997
<urn:uuid:416fa1a5-7290-45f6-95eb-5a9f823fcfdc>,0.35
57bf1d41-bb81-4f8c-a67f-b190888f335a,0.65
<urn:uuid:df48e23a-d49d-4ab6-9f14-296746772a41>,0.55
07ca8828-2436-4ecb-81b6-ceb2abc41c11,0.6000000000000001
<urn:uuid:313af7f8-c82c-42ed-8354-89be7d3747ce>,0.25
<urn:uuid:930e4958-e019-4f2d-acac-6bc1892c6c85>,0.55
<urn:uuid:e756fbc0-8b86-45fe-b539-e153f8df473b>,0.2
<urn:uuid:008315d7-c2c6-4542-a57b-e8987b73ce86>,0.39999999999999997
<urn:uuid:9ae6375b-15e0-41a1-8873-3960a3617c5a>,0.55
<urn:uuid:c1006fa1-0fcd-4d57-91c4-567a29b506aa>,0.35
<urn:uuid:56178615-a6e6-4147-9c2b-6690061c13a8>,0.3
<urn:uuid:c01b4b67-967e-44f3-98fe-8fba4ed11b8c>,0.55
<urn:uuid:b70c816b-2b57-4c1c-b8b0-5ce9858c278a>,0.55
<urn:uuid:2876611b-ddef-42f2-858f-a2e9089df60f>,0.45
<urn:uuid:cd77e8e3-eace-4e7d-9f23-525d47b543b6>,0.15000000000000002
<urn:uuid:f7b8e0e8-bc0d-478a-988c-90b69542d945>,0.7
5ce34cdc-43bd-412e-afe8-e4012568fbbe,0.45
<urn:uuid:9497f6d9-acac-4f8b-80bd-2de41b19f7e7>,0.5
<urn:uuid:892f80d7-fc37-4fd1-833e-7feba73b4b09>,0.55
<urn:uuid:6133e411-6b4d-4871-bbec-03b889b65d46>,0.5
<urn:uuid:433506d1-2489-4619-b7cd-15ca42680024>,0.35
<urn:uuid:fcb9297a-8e82-46b8-b7fb-55b744fd716d>,0.5
<urn:uuid:23972f6f-c656-4f6b-9ce3-a648f87a6b4d>,0.44999999999999996
<urn:uuid:59dfadcf-2c10-411d-ae16-cdcba2af410e>,0.65
<urn:uuid:46ba1fbe-14dc-4cc4-9d4c-15c4cc45795a>,0.8
<urn:uuid:87e0ec88-ca30-42b2-9b67-1f41ad077099>,0.5
<urn:uuid:e2dd5da0-d7f0-4df4-b3b6-d0c5c6a572ad>,0.5
<urn:uuid:aafe5fe3-ac85-41c8-b7cb-020eeabeb873>,0.44999999999999996
<urn:uuid:b6d157f5-149b-4df8-a3fc-84e73664320c>,0.39999999999999997
<urn:uuid:8868b1cf-4aff-4e2f-99fb-c3fed4998dfd>,0.55
<urn:uuid:723fb257-9582-4ed7-becf-30d4351b3c98>,0.55
<urn:uuid:14d940a0-821f-44a1-a550-40aee2253ef7>,0.55
<urn:uuid:5aa8536d-6821-4f7b-9786-ae22a4a28f25>,0.1
<urn:uuid:cedd3524-b24f-444a-b8dd-4734a0c3c6b2>,0.45
<urn:uuid:40d0b29c-a58d-450b-bb58-b62b53d10fbb>,0.2
<urn:uuid:20a3a96f-6e23-4e7f-8ab2-0538085d9812>,0.5
<urn:uuid:993e3674-519c-452b-bacc-15e6bc3dbc06>,0.45
<urn:uuid:973af027-e8b3-44b7-89a6-c0011f863c75>,0.55
<urn:uuid:eb9ffceb-bbfe-4a52-91bc-3fe05b8aadee>,0.5
<urn:uuid:f33ea4dc-7913-4c7c-997b-9c14ad3e672e>,0.6000000000000001
6621ea95-5812-4de5-b8aa-af0270298fc4,0.5
<urn:uuid:1cac529e-29b6-46d4-aabc-3a397335565c>,0.5
<urn:uuid:82bcd2f1-64f1-42fa-860e-d18a0be8d529>,0.39999999999999997
af29ce25-4d67-40f4-ab77-9f2336cdafe1,0.44999999999999996
e604dc68-8507-4eef-8bac-d0e7e9832b40,0.6499999999999999
<urn:uuid:528e4322-d179-4951-9014-1706add8f4aa>,0.55
b337749b-ad4f-4f48-b9fb-154c29815fce,0.6
<urn:uuid:32934154-e8a4-44cb-883d-515a7bc19716>,0.5
<urn:uuid:f1e02619-6d78-4b49-9aa5-22e84ce2d398>,0.65
<urn:uuid:94353929-dcaf-42f4-8c8d-151af301805b>,0.5
<urn:uuid:9a27a937-35ff-4d1c-a39f-7272e90959b7>,0.5
ba1fb467-8f63-4e0b-a5b3-91c50a354ee4,0.44999999999999996
<urn:uuid:e8e62a6c-147c-45af-b1d2-cd03df95fac5>,0.55
<urn:uuid:252ee752-3569-427b-81e4-5a72b4e79b5a>,0.45
<urn:uuid:054856f3-1b8c-4fb2-af95-a4d3ed316858>,0.15
<urn:uuid:1057bdc6-f9b2-42b7-afec-39f613febe41>,0.30000000000000004
<urn:uuid:7f81e512-0217-4cab-b927-68174f165bd6>,0.25
<urn:uuid:9b9ab407-ed5d-4576-a81a-84e611253d16>,0.6000000000000001
<urn:uuid:11e3cef2-0bce-4657-9d03-9ba96bec433a>,0.5
<urn:uuid:e44d5e17-c1c0-4e64-bbfb-abca953cdc3e>,0.35
<urn:uuid:70b61ab5-9101-4e48-9f5f-25d86de6b0b6>,0.55
<urn:uuid:dae2ad3c-5db6-433a-aebc-ad3ef7c8fa4b>,0.55
<urn:uuid:62a6ca1f-0fd3-4b7c-bc48-4fadfbc86caf>,0.55
<urn:uuid:cfea4dc0-1f87-491c-9d44-b5ae659b4ad6>,0.55
<urn:uuid:6f12d088-6f99-42c7-a92e-9d70f098b0dc>,0.45
<urn:uuid:59869fca-22f0-4d65-87e1-7ae9e3d6e14c>,0.6000000000000001
<urn:uuid:33075eac-6095-44a8-baef-92305eaebee3>,0.55
<urn:uuid:05c6b988-1d46-4f0f-90c1-b409b98a01ba>,0.6000000000000001
<urn:uuid:221d8344-43d2-421d-9c6a-535fb96a37dd>,0.45
<urn:uuid:f81bbfc4-9928-4acc-986f-26a8c2d6ba5f>,0.3
<urn:uuid:d51e1dfc-7e56-4faf-b803-36f96de45e66>,0.55
<urn:uuid:3e935875-20bc-481b-b04c-308a6d573717>,0.6
<urn:uuid:6d05dd20-ffd9-4b72-94f9-968a8fdb39bb>,0.15
b51c3b80-08fa-43fb-9632-6f3c973d0b18,0.5
<urn:uuid:9e18cd65-2af9-4e68-a3e3-02f53bcc2f5f>,0.35
<urn:uuid:d9e7753c-a760-4838-863f-490bb8195677>,0.5
<urn:uuid:4ceee190-9aba-4c8b-a721-f254122d9e03>,0.2
<urn:uuid:33e58028-d253-408e-8ec1-5a20176703d6>,0.55
<urn:uuid:87b2766d-6d63-49b6-82f5-0e10bdd04cac>,0.15000000000000002
<urn:uuid:a13f0a65-bd69-4ba9-b12e-794c03daec28>,0.6
<urn:uuid:652925fa-a439-4913-8305-f27ddd37ab97>,0.35
<urn:uuid:dd52cbfc-6517-4917-a124-6a26f9e85620>,0.25
<urn:uuid:8444dc71-1024-4110-9d7e-d3ed2c86c0c2>,0.5
<urn:uuid:b96e0c73-cb99-4275-a4e1-48f45b3747d6>,0.65
<urn:uuid:26a1e57f-ad8a-4b61-9825-29e5572470ca>,0.25
<urn:uuid:a7afe161-cf19-4c43-a628-13eea9b5bcd0>,0.55
<urn:uuid:1856ee87-0902-4ec9-ac02-781ddb0e9b4a>,0.5
<urn:uuid:06a96784-af6a-4c32-9e1e-972f754e8631>,0.45
8bb7ac47-a7da-4836-9b8d-1590ba7cac50,0.8
<urn:uuid:eaa40806-61b0-41ce-a61e-c691d677fa9d>,0.30000000000000004
<urn:uuid:4ff46467-5bee-4c04-8012-dff9390e0f13>,0.6000000000000001
<urn:uuid:063bc319-cafb-4a8a-8eea-31eede3c4c68>,0.6
3e98bfcb-284f-4a26-89da-1d65c5008b2a,0.7
23e90c55-8cd8-4998-8009-3c8b762325b3,0.6000000000000001
4c854c2b-b056-43ef-a073-23e50c919fa0,0.5
<urn:uuid:d63bd4ae-d293-44b7-b9a2-5785f5f3ab0d>,0.5
<urn:uuid:ce4236dc-cd1d-43bb-af0e-69787b422989>,0.6000000000000001
<urn:uuid:5b95fc48-e742-4a50-b7e5-52052035c24d>,0.5
<urn:uuid:5f2a9312-0f07-4484-bcc5-fdc19b295857>,0.25
<urn:uuid:f46106a8-a469-4518-b916-7faf6c5eb1f6>,0.75
60ac44fe-f60e-4bec-90b1-5c448b099d64,0.65
aa65c03c-61d2-4341-ae15-f3baa499f894,0.8500000000000001
<urn:uuid:dd9cf706-d5ef-4311-989f-88e93f6962ab>,0.55
<urn:uuid:a1438ef8-b074-4fce-964f-0800ad19885c>,0.2
<urn:uuid:233a5a10-5ff0-47b2-8d87-cf59fcbb9b0c>,0.55
<urn:uuid:df2b1cbe-5e0a-40d7-8dfe-7cc1c92e028c>,0.6
<urn:uuid:1649efbb-b555-4c96-b52e-9529f35d0d14>,0.30000000000000004
<urn:uuid:aac23c51-43b7-4465-8682-229c153eb3dd>,0.35
<urn:uuid:9eed07d9-7a11-4df2-8426-41f4faf5fa69>,0.8
<urn:uuid:0053e6d9-d4fe-40a5-9dec-67a1ed6ceaf9>,0.25
<urn:uuid:145e4dbf-f457-4a6c-9e26-5ab4b48f2833>,0.55
<urn:uuid:fddefe50-c247-4920-9003-8a3c32e85072>,0.25
<urn:uuid:7acf183a-7b40-4549-879e-5d5cf4df8484>,0.65
<urn:uuid:d039e230-11d7-4478-bd52-d4eeb03b492d>,0.3
<urn:uuid:c26c066f-fe5d-457d-b72a-5e1c2abb3a33>,0.3
<urn:uuid:57172e16-dc22-49fd-a577-94f3022c6fb8>,0.7
<urn:uuid:5c166b65-2598-40c8-aa88-e04178f6fa4d>,0.30000000000000004
<urn:uuid:9131370b-5e8a-403c-a132-5983ae49f195>,0.6000000000000001
<urn:uuid:d9527617-c163-48f8-b9f3-d79f0578594f>,0.5
<urn:uuid:5f7b14af-f90d-4c0c-ad88-4fdd98f48b3e>,0.7
<urn:uuid:d19c121f-27f4-466c-bf7d-667ecf3b411c>,0.25
<urn:uuid:ec0a04fc-653f-4e9a-8fc0-95385824b1f3>,0.25
8d7f1f0b-0da1-47a0-9e73-96d364c35dd8,0.6
<urn:uuid:d685a598-cc08-4892-b216-c86e1f387b60>,0.65
267bd609-c90f-454b-961b-64e3e67dcd97,0.45
<urn:uuid:eece5fbc-cb0d-4a79-81b1-b8e6f0b8bf3d>,0.1
c30629fa-77b5-4934-96e5-476ee60b2998,0.5
bfcbf8b8-a032-4550-8805-755d5af48f3c,0.30000000000000004
c563ff79-807d-42b3-ab49-d34f92765d1f,0.6
<urn:uuid:2ac50f59-4c51-4bea-8b39-a058710bcb7d>,0.45
9731248a-b105-417a-a41a-3cd852344009,0.5
<urn:uuid:539703bb-821f-45c1-b26f-194eb9aba79a>,0.55
<urn:uuid:2c27071f-3385-4fdd-8422-0cf3676d29a4>,0.6000000000000001
0bd792b1-b595-4769-8aed-b4c7ffaf6b85,0.55
<urn:uuid:3d313e3a-281b-4498-a66f-c9da19b63923>,0.8
<urn:uuid:90a82330-b0be-4eaf-9da6-75d8832075a3>,0.55
<urn:uuid:afdec498-0978-4dff-a163-e76e1aeafa73>,0.75
<urn:uuid:8945aea1-577d-40af-b0f4-0bcd79ff2b20>,0.55
<urn:uuid:7061f54a-28d0-4caa-91d0-80502c901036>,0.65
<urn:uuid:6218c880-2f7c-46df-bf24-e8a2430595db>,0.6000000000000001
<urn:uuid:74ca065f-1032-4cf0-a8f6-28c099b704d8>,0.55
<urn:uuid:a20ff90c-de64-4579-a4ce-9b76086e1160>,0.5
<urn:uuid:0f417705-2c99-46e2-a12b-f913286486a5>,0.6
<urn:uuid:59aef71f-9866-476f-a9ca-e16c1c0c2a34>,0.2
c3088220-7f32-4c26-8a45-63ed0a6a00ae,0.35
<urn:uuid:e8faeac6-1691-491c-ae7f-221fc240587e>,0.55
<urn:uuid:9457269a-11b8-4270-b2d0-27f466e39658>,0.6
<urn:uuid:3b0ba498-4928-45d2-b9be-fd7a5229e052>,0.6
<urn:uuid:2e0f6ebf-617f-4f22-b543-99f5fc0fb5c6>,0.65
<urn:uuid:6dc5618d-9cfb-4a3a-8472-e65bc1feaa8b>,0.15000000000000002
<urn:uuid:fc3e6a3f-d7b3-4220-92c3-38e4bbfe9a7d>,0.35
<urn:uuid:4410afad-fc38-428e-a9c6-41344f9b73bc>,0.5
<urn:uuid:9b316309-74ea-4413-8a30-081bd8344e60>,0.55
<urn:uuid:a0a7f835-941f-4224-8049-40d4f4d75473>,0.5
<urn:uuid:5702afc2-f0ea-445b-85a2-8d95097b12f1>,0.5
<urn:uuid:b90931cb-cc5b-4cce-94e4-81b609e38e5d>,0.55
<urn:uuid:289e0af4-c7a3-401b-94ca-6f7de081dac4>,0.2
<urn:uuid:30f21005-0a91-4966-8247-8bd9f1861023>,0.6
<urn:uuid:b49b6966-49be-4826-b66e-b5d278e49337>,0.45
<urn:uuid:1d6052be-8f1d-472e-bb73-825f03b9dc31>,0.75
<urn:uuid:f264dee4-2e35-4bd1-8f2e-9f7527bce6e5>,0.6000000000000001
<urn:uuid:03558adf-b9a5-4002-852b-b6d694a0867c>,0.25
<urn:uuid:88fc0ee3-a800-45b6-b2cc-e1747ca5995a>,0.5
<urn:uuid:a2f0a324-9f0d-4ab2-9c61-18fe0247ad39>,0.25
<urn:uuid:cfa1f788-8ab4-4e2d-a5b1-2f7e2e6faaa1>,0.8500000000000001
<urn:uuid:6537e49c-faa5-44d2-a426-d098d9e3648c>,0.2
<urn:uuid:89377b84-e2fa-4a90-aa70-eab105760513>,0.65
<urn:uuid:60ca13a4-01f4-4bb2-88dc-e2ada0deb152>,0.55
<urn:uuid:9f2264f5-f392-4e25-a2d4-c511bc6cd052>,0.7
<urn:uuid:09e662d0-61fd-4afe-9a85-7f23f7421c60>,0.7
<urn:uuid:a44dfcbb-1b24-4569-895a-1f5553476ea1>,0.35
<urn:uuid:21aeb82e-e684-480e-97b0-81317121f22c>,0.30000000000000004
<urn:uuid:ba3b13f1-bfc3-46fb-9b18-0a8bc38841fc>,0.35
<urn:uuid:5ccf9ffc-44ec-42d3-a6a4-383acaa634c8>,0.2
<urn:uuid:1eceb6af-8d6d-476b-b656-0f7faa2b20d7>,0.6
<urn:uuid:a3f4bb2f-69e7-437a-8f3b-478a3d509b4f>,0.75
<urn:uuid:ebbd3369-499f-461e-b841-00f10c8d85af>,0.5
<urn:uuid:98d6e23c-a505-45f1-abfe-f6c2f7650c2b>,0.45
<urn:uuid:80cc783c-1ff9-4bae-af8d-abd12c98642d>,0.45
<urn:uuid:774f0f1e-6b14-43ad-9d70-2daa0bb47de6>,0.35
<urn:uuid:189d38cd-7772-4e6f-a12c-0fde85ca3212>,0.65
<urn:uuid:bd3679a4-d637-4bfc-9566-951fdb98bcc3>,0.15000000000000002
<urn:uuid:106e0bc3-ee84-4cdf-89d8-ed7edbfdc1a6>,0.25
<urn:uuid:ab6ef3d1-d27f-41a4-b52c-eb4dbb62530d>,0.8
<urn:uuid:8eca7177-3776-49e5-b9cb-ab9f4f8b1ae7>,0.55
<urn:uuid:15a0cfa0-9f59-4698-b752-28421a59f7b9>,0.5
<urn:uuid:7e66aaea-3612-4b5f-9be7-73a8a519e4d1>,0.5
<urn:uuid:a8ad5c19-37a4-4dfe-9e66-6e23f8dcd29d>,0.65
<urn:uuid:f3fcfcaf-de37-4412-9b40-457ef0921bbd>,0.35
<urn:uuid:294bade6-c582-49cd-8bcf-4e01808421c4>,0.6000000000000001
<urn:uuid:6bf38afa-d1e7-4437-910e-af38adc4a1a6>,0.6
<urn:uuid:87c2fb51-9b6e-4b9b-9d37-5a57fe4b04ac>,0.39999999999999997
<urn:uuid:97ed7bd4-ffd8-4091-9107-d68aa7cfe3c4>,0.2
<urn:uuid:75ff0765-4fe8-4a04-8dce-4da22998f3d5>,0.25
<urn:uuid:6313cba4-993f-4147-abfc-1270c31814fe>,0.55
<urn:uuid:cb694290-8b94-457b-bcdd-bb716420502e>,0.5
<urn:uuid:edb99226-6455-4cdd-88f3-9d1142a5f1e5>,0.5
6bde86bc-0999-41ec-bdc6-56ff2c4d37aa,0.4
<urn:uuid:8b9b3986-1807-4be5-a5ae-bb900d9d3f68>,0.5
<urn:uuid:11b8fcd4-d323-4ab0-8943-37254aeb7d30>,0.5
<urn:uuid:dbcb3a67-bb33-4cf3-8358-ecfc71ff3221>,0.6000000000000001
<urn:uuid:afa49365-d012-46e5-8968-858b890c4238>,0.2
<urn:uuid:26a23741-fb49-47d7-8d67-f4927056bec5>,0.30000000000000004
<urn:uuid:2313f050-3a7b-4327-8c24-db0b410af577>,0.25
<urn:uuid:fde49514-a62c-4eed-a23a-bc1c4d9c23ca>,0.30000000000000004
<urn:uuid:d78d21bc-6039-4fb5-9eb0-e94047b71dae>,0.55
<urn:uuid:c7fd685a-3499-4519-bc09-411daccc41c5>,0.35
<urn:uuid:d94bda7a-fe2d-46df-ac4d-024c01e10247>,0.45
e2c68ae1-5616-412e-b389-6e472cbf0155,0.3
<urn:uuid:6e27fbf8-9508-4ed2-aa66-8f1176180c3f>,0.15000000000000002
<urn:uuid:257f0404-580a-4977-8689-1ea250302b99>,0.75
<urn:uuid:470d1969-2d53-43ce-a145-6d54652c393c>,0.5
3c841e64-deea-4fa0-a230-9b4ee4ff50cd,0.55
<urn:uuid:edf9fa8a-72d4-4f2c-aa42-85a40a40a1ee>,0.55
<urn:uuid:2fc5f53b-b25c-4002-9f2a-a8ca5c67dc12>,0.5
723d2047-b0fc-4459-a633-12cb66c365c4,0.75
a7ce1c06-cf11-4c75-ade7-cc668ec61d93,0.65
<urn:uuid:7039f908-05ae-4b2f-b7a1-c648d049ac6b>,0.5
<urn:uuid:b3878734-e701-4619-8343-da39daae3085>,0.4
<urn:uuid:e3239687-e581-48ad-b2d1-7527b1d7ffc7>,0.2
<urn:uuid:81c17cbe-7721-434a-a97a-fe6b392e8ca3>,0.2
<urn:uuid:2c3fa8b0-ea74-40e0-b7a1-05af7956cdd0>,0.15000000000000002
<urn:uuid:2352f4c7-dba9-47af-8b8f-2407d3b1fc84>,0.39999999999999997
<urn:uuid:8b15e5ce-7d87-49bf-a2bd-0d422848d5a5>,0.55
<urn:uuid:28e4ff6a-1976-4de6-9abb-de2ae5165248>,0.7
<urn:uuid:eabc8b69-a88f-43a2-9e2c-fecc8302f491>,0.5
<urn:uuid:febc5aa0-74e0-423a-8db7-6759a1a5e552>,0.25
<urn:uuid:5f1ecfe1-e55b-4ed6-b3a3-7696822f0fec>,0.55
<urn:uuid:d0cd6705-e1b3-45cb-acda-b4e3272a5e4d>,0.8
<urn:uuid:25b73351-7ebf-4ca0-b2d2-f9c8f6c0d951>,0.4
<urn:uuid:febc6f88-92e2-499b-88a5-d939f1094dfc>,0.5
<urn:uuid:2ee01803-641b-48cb-bc24-80f90fe7cecc>,0.75
<urn:uuid:e45c043b-0f66-4215-98f8-95a44c3585f8>,0.5
<urn:uuid:7c5655b0-3e31-4ab6-87aa-f9c8f003e6de>,0.39999999999999997
<urn:uuid:049c71bd-acfe-418e-83ce-9322d4754a94>,0.3
<urn:uuid:8563f78c-4890-4fd2-af48-284997346a59>,0.55
<urn:uuid:753b101b-a263-4339-a724-87baab699c06>,0.3
<urn:uuid:669332e6-118b-486d-872b-2149adbc836d>,0.5
<urn:uuid:4dcc60a8-59e8-4901-93fa-42b2fef59583>,0.5
<urn:uuid:99cc9210-257e-4f64-bd6c-f3d42a416119>,0.5
<urn:uuid:77bb8685-11e2-42e5-be2b-85ceb6d9bcb7>,0.35
<urn:uuid:645fab32-fe4a-41fb-a6cc-4211d9f94f7d>,0.55
<urn:uuid:040bf5d1-83b0-4ad2-a038-f946298c96da>,0.35
2d42783f-b3e1-4581-9ea1-ebbcfe5f69ca,0.45
<urn:uuid:f9fbe10c-441d-4c71-894f-0fceba484904>,0.15
<urn:uuid:e98fc9c2-96f3-43a4-9e0e-db01a5bc4d65>,0.55
<urn:uuid:59e611da-49eb-42f4-aedf-260c561b80fb>,0.25
<urn:uuid:8fe01147-6345-4d33-aab9-c5d336adc45a>,0.35
<urn:uuid:67fa35a7-b383-4214-a508-b2ee9f1edf57>,0.45
<urn:uuid:52297335-91da-4110-9420-fa2995b5add4>,0.35
<urn:uuid:5c1c5ca6-3d80-488f-a19f-520500c77635>,0.55
<urn:uuid:5857183b-841f-4ada-9452-ee87728ec8f5>,0.45
<urn:uuid:2a63aace-82a4-4891-b1e3-3611b96da627>,0.25
<urn:uuid:80f79548-315b-4da3-b47e-1d490ec1461c>,0.5
8df22790-c3f6-46b6-81a2-22481b8384ef,0.6000000000000001
<urn:uuid:71b34399-aa29-42a2-bd87-b2b99e290887>,0.6
<urn:uuid:ebe2f33f-8733-4452-aa9b-a58ba21cce6a>,0.65
<urn:uuid:6e66a882-b976-478a-ae4a-787015be68de>,0.55
<urn:uuid:63f8cf0a-686c-4f70-a506-1bf7875bb4c7>,0.55
20a797a7-dc0d-457f-9d87-5ff1afd1fe71,0.6000000000000001
<urn:uuid:ff372007-6a8b-4719-9edf-c8639cf138bf>,0.5
<urn:uuid:99f69fe5-ceb1-413d-bbc0-8576f28eb89e>,0.5
<urn:uuid:a57da3a7-2244-442f-9a0c-b09833d06203>,0.75
<urn:uuid:2bafb54f-ccf1-4175-8324-94db202f6e88>,0.35
<urn:uuid:59ab5166-ada8-4fbb-aa4d-9935bac15549>,0.6
<urn:uuid:83a5bf50-7085-4c56-9f19-1036005fd0b1>,0.8
<urn:uuid:60fc5c7e-d110-4085-b8f8-19511bb1da7a>,0.1
<urn:uuid:b758852f-d503-472d-9eba-5214387e3eaf>,0.8
<urn:uuid:955cc3ff-0b8a-4083-a42b-bc7a28d0ab63>,0.25
<urn:uuid:847f65fa-9798-42b3-8537-f983d647e51c>,0.5
<urn:uuid:abe3aff8-85d1-4a11-add7-e914417a937e>,0.45
<urn:uuid:8edda202-41ab-4df9-9825-7916f8181379>,0.55
<urn:uuid:6d049b50-9fe3-4762-bb17-afc567f11107>,0.5
<urn:uuid:5d705b4f-9af7-43b6-bfe9-ac10cf635a26>,0.55
<urn:uuid:5745d9b2-b413-4022-a432-0c1662c1bd68>,0.7
<urn:uuid:3bceec8e-6737-424f-aa47-93bb1447f6a0>,0.55
<urn:uuid:029a2451-6e94-48dd-a44e-4165bed5aa1b>,0.2
<urn:uuid:6485694a-cbf8-4dbb-a854-ac96137512c4>,0.7
<urn:uuid:b503d16e-0273-4893-90d2-98cdc6d5ec83>,0.5
<urn:uuid:3af453be-3fbb-45e2-9d19-9ae4adcd8467>,0.44999999999999996
<urn:uuid:3cdda3ff-0f96-471f-a4fb-ffbbb773351a>,0.55
<urn:uuid:0af899f3-c163-456b-90b0-4e79ede249a8>,0.25
<urn:uuid:cd4cbe1a-290d-4210-8464-470623a43424>,0.65
<urn:uuid:6df11450-f17d-4c11-9d7b-0bef9bb2ebe0>,0.8
3b916503-c0fd-43a8-ba61-178c074d1dbc,0.6
<urn:uuid:dbcc677d-0ce8-43bd-8070-6f8853fec95b>,0.5
<urn:uuid:087e027e-48bb-4ebc-b9b4-73be0575fc3e>,0.75
e4f822c6-456b-4913-bcee-bbae235e1db2,0.1
b36c61cd-9bcc-487d-9b45-272fd68c7fa6,0.8500000000000001
<urn:uuid:71026bc2-2e0d-4d2b-957b-e3d99a216f46>,0.39999999999999997
<urn:uuid:8c7c28db-dbe4-4c64-afa5-3ee7567fda46>,0.45
<urn:uuid:4960733f-6773-4f8d-87b7-f3c210e4bdda>,0.8
<urn:uuid:ab713e92-48e3-4d5f-bf32-d8f7f76dca87>,0.39999999999999997
<urn:uuid:c0be718f-23ea-46ef-a593-21d00a1c623d>,0.2
<urn:uuid:37c71a57-cdd6-4787-a5e9-cedcc932f570>,0.75
<urn:uuid:a64984bf-dbb3-4a5d-8657-c9ffe9b62896>,0.5
<urn:uuid:92d09761-2a41-4b17-a2ae-277411102012>,0.6
<urn:uuid:8aa927bf-bcd0-483f-bff0-69fd30f732f6>,0.55
<urn:uuid:47745ed3-e606-4779-8f9a-80f1537a0a1d>,0.35
<urn:uuid:5dba111d-6f6b-412b-8a51-aa22d9806504>,0.7
<urn:uuid:875497cd-2fae-469a-9717-629b3460d50c>,0.5
<urn:uuid:66d03eda-93e7-4bc8-9d99-bd934516642f>,0.5
<urn:uuid:09bb53ea-2c94-45d2-9a6e-ef3eb075b4ab>,0.65
c738e5e7-6ae1-4270-9616-158fd6531c0b,0.6
a81c5201-cc31-4b55-8a5d-02edf3d39be7,0.8
<urn:uuid:98dc2963-bfe6-47d3-892d-333610ba4c1d>,0.25
a7f4d38c-8009-47af-a890-8a951937f4af,0.35
<urn:uuid:3d230c1b-75bf-492e-840e-ae05f6292faa>,0.65
<urn:uuid:5f760f6e-aff1-4792-8025-f4c24c966d8a>,0.15000000000000002
<urn:uuid:5c63c3c3-986a-4aea-945f-ebabe6e710d5>,0.45
6d453ec0-2502-4f3d-93eb-6ebfc5e91a0a,0.45
<urn:uuid:869109dd-cb1c-48e1-9ad7-b8551f4d7e6f>,0.2
<urn:uuid:03d595b4-c3f2-4c54-949e-bb46edbf7894>,0.55
<urn:uuid:81085314-b6d2-4f0a-9fb4-23fe2c89a037>,0.2
<urn:uuid:83de4f8b-3b74-4f49-8a30-b40d3e96f1b5>,0.6
<urn:uuid:070970df-31c0-4614-9ea2-5c4717f2f318>,0.30000000000000004
32ec05fc-5cdc-41d9-8bfd-d81e69aedcb1,0.5
<urn:uuid:f56299c8-83ad-4a32-9877-58b13e49a5fc>,0.4
<urn:uuid:feb93536-9d33-4234-b392-dac1673088e8>,0.65
<urn:uuid:aa699b51-b1e4-4bd4-9f22-e632795ded9f>,0.55
8c67b39c-1f7f-40a8-8551-b0569ed3cba3,0.6000000000000001
<urn:uuid:deb78145-29fd-46cd-8e1e-413a707417d2>,0.5
<urn:uuid:04ac5c39-6097-4133-af60-1f940950312a>,0.5
<urn:uuid:8139f776-2385-47f7-a7ea-a0997ac68147>,0.35
<urn:uuid:cc318c32-959f-4ea2-bd88-138fd9746f4f>,0.39999999999999997
<urn:uuid:4b64612d-a241-4a56-b324-a7928d020b8a>,0.65
<urn:uuid:8bcc2fa1-4fae-4535-a3e4-d0d5aa7d0f50>,0.7
<urn:uuid:6dcb95c1-c078-4c4b-9bfc-d9b23c49ace9>,0.6
<urn:uuid:39056756-73d3-4ff3-90af-3f23d5bfe1c1>,0.25
<urn:uuid:d1e8cd2d-f8b8-4c61-af7b-7cd99fabb3c8>,0.45
<urn:uuid:78bec048-eff8-46ba-bcea-d7221c144875>,0.35
<urn:uuid:b622f7a4-eafa-4709-98bf-901ba316d303>,0.1
<urn:uuid:583cfe52-b45f-4ab1-8fed-68463448d02d>,0.7
<urn:uuid:1670af29-edd4-449e-adae-ee1013a122aa>,0.6499999999999999
<urn:uuid:a03c0491-6f4e-413b-a6e8-5ebc75202e6e>,0.30000000000000004
<urn:uuid:c734f4de-5a42-48b7-89e9-ce979427439c>,0.75
<urn:uuid:f63d37d0-0dac-42a6-8d61-43a8d069457b>,0.6000000000000001
<urn:uuid:a1b55941-f39c-4f40-82bc-5a029f1f0347>,0.45
<urn:uuid:b2553e58-2e3f-44e3-b355-7314b88b9ac3>,0.35
<urn:uuid:1ff7f1fd-f743-47d1-ae18-c6ee094c19ba>,0.45
<urn:uuid:eca5d947-284a-4500-b23d-bd7cb6d779e8>,0.39999999999999997
<urn:uuid:b116aa7f-6f71-4fab-923f-d7346daca785>,0.1
<urn:uuid:22d1065c-4f93-4f3b-87b4-e0f1bd18bbaf>,0.39999999999999997
<urn:uuid:47c72680-b226-473f-841c-69a1d62e97ed>,0.44999999999999996
<urn:uuid:020ae2b9-2f2e-4339-9a8a-05b7715275a4>,0.6000000000000001
<urn:uuid:f7432dc4-9d54-4f8e-acf1-67fc6d47edab>,0.5
<urn:uuid:5b270ff6-97e2-4db8-a59a-3c22ca4fd9a0>,0.39999999999999997
<urn:uuid:5112f54a-246a-4e99-8033-506514ee0718>,0.7
<urn:uuid:a67c9f58-c662-4f30-bfa7-eb6dbd233cde>,0.25
<urn:uuid:c4dd2caf-00a1-420c-bafb-60deb91b51da>,0.45
<urn:uuid:52f000cc-4348-43b5-a138-a6eb7d9ad191>,0.75
<urn:uuid:20370f6d-d045-472d-9836-de090b88558b>,0.5
<urn:uuid:b6befdf7-ff39-45d1-af2c-1a651cff0a34>,0.45
<urn:uuid:1cb6b17a-8f28-46ab-89f7-e888b4cb18c7>,0.75
0548f91c-ccf9-4c4c-bc4d-3330879c6797,0.75
<urn:uuid:55bf824e-3cdd-4e79-9e80-368acc900842>,0.55
<urn:uuid:5c898937-f9cb-4dbc-83d3-a3740865332f>,0.55
50d896e8-88be-4965-82cf-9110d1dcd695,0.55
<urn:uuid:3093d54f-632a-468d-bf0a-0a0d619e7aa3>,0.45
<urn:uuid:b9637ace-7026-4da7-96c7-2c49513c7fae>,0.5
<urn:uuid:ab9aa028-a4fd-4c9e-967d-fe3071aa91ba>,0.65
<urn:uuid:747afbe0-2ddc-4ed8-a454-9e2ff07a4b13>,0.5
<urn:uuid:b2697d8a-0f1b-4896-9140-f60fd48ba254>,0.65
<urn:uuid:bb45bbe6-ac38-410c-b587-ac7109e6b2a0>,0.6
<urn:uuid:7e831d20-d7f4-4036-ba11-941bd6973c8f>,0.65
<urn:uuid:fe0476c4-4888-4e7b-809e-7e0e41939f14>,0.6000000000000001
<urn:uuid:fc423600-7811-48f5-9baa-b87a3b5e236b>,0.5
<urn:uuid:b3d77330-e6a5-4f26-86d6-6b3fb1db4763>,0.65
<urn:uuid:b4b45f92-582b-4f0b-a4c5-5575348a7405>,0.1
48b3124d-67cc-4a56-ac70-384729547ea5,0.55
dc696cdc-1a3f-4c14-80c8-ff210e9219f5,0.44999999999999996
<urn:uuid:2fcce52f-794a-48c7-9bf8-ac7f25f70737>,0.25
415c8b3b-c16a-4551-91e6-e4e04e7b59f2,0.6000000000000001
<urn:uuid:66ff44f5-9dd2-4ce2-826e-9b89b4c255f3>,0.4
a4e40504-193f-4853-a42c-9c5c824d3af8,0.6
<urn:uuid:214d73d5-66c7-48e6-86c7-de46f8948103>,0.30000000000000004
<urn:uuid:5c442f5a-95c4-42d5-8034-29344b2d1044>,0.44999999999999996
<urn:uuid:c1d0c967-1ff2-4274-98a1-de3e2d795ebd>,0.35
1a1c525a-3d05-443a-9e72-c0e0a1709e82,0.39999999999999997
<urn:uuid:1805b0f6-ed5c-425b-a832-9ca1b29d010d>,0.25
<urn:uuid:d8564adc-f747-4b24-980c-c92499bd419e>,0.5
<urn:uuid:39c28034-eb4e-44af-accc-37b8304a8160>,0.65
<urn:uuid:061c311c-4f08-4bb9-ba06-3345f0b57849>,0.35
<urn:uuid:0610e96e-bd01-43af-9e6f-497a0cc4be4b>,0.55
<urn:uuid:aa425e26-da80-41ed-920e-b0a2bfb0f8ad>,0.5
<urn:uuid:ff9b51a3-610b-46a9-b9a5-b49e56988f82>,0.75
<urn:uuid:5bbbc23f-9691-4b90-85b2-fdc379cbba9d>,0.2
<urn:uuid:f0f11f39-995c-418e-b2e4-3036ede3ceb6>,0.5
2c54d643-db41-495c-a6b6-663ac86340ad,0.65
<urn:uuid:b1cfad23-dcaf-4eee-9669-55dba8106062>,0.5
<urn:uuid:24434e15-cd76-4121-8259-f080d3608a9d>,0.15000000000000002
<urn:uuid:17d6894b-10ce-4aee-9a4d-5ffc06c0d39a>,0.55
<urn:uuid:6aff6c69-2df6-4a03-8387-bbd987767a07>,0.5
8301b049-c525-45ae-bfd2-08311311082b,0.6000000000000001
<urn:uuid:03f8f3ed-7407-46b6-b4e8-b8ce6cf2eaa8>,0.25
<urn:uuid:6d81140b-0e4c-4b67-b17d-1909e34b04b7>,0.45
<urn:uuid:594a35d9-116e-4bfa-b92e-8c71a43e9e3d>,0.6000000000000001
<urn:uuid:f37c1a01-05ba-4d46-bc1d-9b55f20a3863>,0.4
<urn:uuid:32308b54-c502-445d-93a1-73900a363949>,0.5
<urn:uuid:728f5f89-ec20-429a-a0b3-92fc0174519a>,0.55
<urn:uuid:9386ff76-d8fb-4312-8fa8-d3a27887db33>,0.4
<urn:uuid:bfb5c28d-2782-46d1-9f50-3a3b5e05d21f>,0.5
<urn:uuid:a0f8c6d8-7d75-4c39-aed3-d269e0ebd557>,0.5
<urn:uuid:4c594ae3-cf1f-40d7-8e97-18f6ab09effc>,0.35
<urn:uuid:4cd4ad3a-925c-4f65-85ef-053010de340c>,0.35
<urn:uuid:65f26883-b82a-4c78-b779-71aef8d85c2a>,0.5
<urn:uuid:a17dfd87-514c-481d-9319-214e1e1a283c>,0.2
<urn:uuid:df917564-2e85-4e46-a72f-fd6d7e8a1a8c>,0.55
<urn:uuid:17f6ce6a-dd56-42ac-9731-907bd40d4364>,0.6000000000000001
<urn:uuid:f92fd9e7-e2a6-4f90-9d6a-f42715a93dc4>,0.6000000000000001
<urn:uuid:9e4bf950-1ad7-41ba-8e68-b089723e7593>,0.15000000000000002
<urn:uuid:7e50647f-f6da-49ea-b20b-d60bce4e111b>,0.65
<urn:uuid:ada013f0-3049-47a2-931b-97c0703e79f4>,0.35
<urn:uuid:dd92a415-0cc0-4276-8ee3-b836ad17e691>,0.5
<urn:uuid:ff846627-b9c0-4da9-b1f3-6a2fe972386a>,0.25
<urn:uuid:71029034-226e-40a1-97e5-af023b10fabd>,0.55
<urn:uuid:9fb7abbc-edef-40ef-9259-b6257dd63317>,0.5
<urn:uuid:3ab92b32-ec19-4ac5-a2f1-534afab6f17c>,0.15
<urn:uuid:ed48a4a0-96b5-4b6f-8915-de808caca14b>,0.5
0f73dae7-c2a3-438e-bd21-695d5b0111c7,0.35
<urn:uuid:6c006695-f121-4a33-8ea4-8a594251ad64>,0.6000000000000001
<urn:uuid:39f1b806-957a-4a12-8e11-f6dde8ffb97f>,0.2
<urn:uuid:be5c1a51-c81f-45c1-b4bf-f5f72fb30a55>,0.25
1a3efe6b-9299-4073-afe4-5464bbed09b2,0.1
<urn:uuid:50a70f26-a4f4-4cef-a5ab-3e5d22e79614>,0.75
<urn:uuid:38cab558-abe3-433f-b8d6-0bfcd336975d>,0.7
<urn:uuid:3c30f877-8afe-40dc-bf38-4b522ee10588>,0.45
<urn:uuid:95c88153-6ab3-47fd-af62-e8be6fe9b5dd>,0.55
<urn:uuid:8c94890d-348b-4a97-91b3-d165328b6a33>,0.25
<urn:uuid:c2386d88-3e03-473c-94c5-065d0eb62e04>,0.5
<urn:uuid:f0641cb3-ddb6-427c-855a-68353cba56cb>,0.6000000000000001
<urn:uuid:c6185f2e-517b-40f1-ac1d-4a36a574e6bc>,0.5
<urn:uuid:cdf017a9-de93-4c03-a594-968db89addeb>,0.2
<urn:uuid:153c7847-5aea-4f2d-8367-3793839c537b>,0.15000000000000002
<urn:uuid:a9388291-9b4f-408d-8eac-47b579bbe1d7>,0.5
<urn:uuid:94765ffe-bcb1-4527-86e3-54269b77073f>,0.45
<urn:uuid:df9f1407-bea7-4ae3-ad01-9725fb00054e>,0.25
<urn:uuid:fa031022-a142-490e-bdb3-cde61cd5aa47>,0.05
<urn:uuid:32cc6d9e-2367-45af-919f-5b325ae86af7>,0.6000000000000001
<urn:uuid:1b2bbc5f-b05d-458d-9bad-6702d8a84643>,0.44999999999999996
<urn:uuid:25f7880c-f7c5-47ed-b4c5-3fdba0115356>,0.7
<urn:uuid:64ef658f-d68c-46a3-9198-c4179d12f943>,0.5
<urn:uuid:9f73846f-8f8f-4f44-ab21-dadbc2512544>,0.2
<urn:uuid:43f75fd0-9ac3-4f6f-9ffe-935979544c0c>,0.35
c6653a30-c622-4ef7-97fd-3f03bdfe146a,0.75
<urn:uuid:7814bc56-7677-4b52-a308-292f22bfc505>,0.8
<urn:uuid:acf43e82-f138-4c76-9c02-1a333dc8385d>,0.2
<urn:uuid:ec8da640-dc01-4b70-b3a8-53a1a589c56d>,0.6
<urn:uuid:8b4db332-ada0-47a2-992a-c7e16d7d245a>,0.45
<urn:uuid:93cdc074-866e-4e8e-a881-1eb55678ba9d>,0.35
<urn:uuid:e74d8f6a-a528-44d2-8374-f5e7b44729fc>,0.2
<urn:uuid:7783c48d-8e0b-4f50-b329-a713f448e146>,0.5
<urn:uuid:cf50f88f-c9e8-45df-9391-7b63f42e098d>,0.8
<urn:uuid:8d966262-c97c-472e-a64f-956dab7cc312>,0.25
<urn:uuid:1e87f7ee-c3a7-49f7-84ea-b78cf6038af7>,0.2
<urn:uuid:61925e27-3103-4462-9257-34256e5d2347>,0.15000000000000002
<urn:uuid:99ad85ff-2674-434e-93f5-1f813090be32>,0.6
<urn:uuid:d7bff6d4-b776-48a2-90ca-9fee654d7b92>,0.3
<urn:uuid:bb2b5ffc-57c6-41b5-b028-e963567fd123>,0.2
<urn:uuid:52b859cf-7bfa-4f33-a77b-749ca51d1146>,0.2
<urn:uuid:09ab2730-c364-4864-900a-6396b97295cb>,0.6
c1d558c8-82dd-4129-9f5d-144dff0df7dc,0.2
e4851883-6e20-44a8-b414-8336618f95ec,0.5
<urn:uuid:d5f4b991-143e-4cea-a02e-f307a1e412e3>,0.2
<urn:uuid:d3b4f2b3-b5b3-4e00-b396-1085e240e4a9>,0.75
<urn:uuid:731fc08b-daec-486a-8225-0c1636e0e74d>,0.25
<urn:uuid:3b80b0f6-b312-476e-b3b4-1d5b50dc2a0c>,0.55
<urn:uuid:f90eb41d-4270-4554-8a4e-0ee98f6ac472>,0.4
<urn:uuid:0d41cc37-e159-4325-9fcb-d2a70a9a273c>,0.44999999999999996
<urn:uuid:7c631bc6-abb5-4d66-8182-6a63e0ffbcbd>,0.55
<urn:uuid:850ff595-d825-426f-a3d5-7b6e15b71395>,0.6000000000000001
<urn:uuid:fecb855a-add4-4b76-ac81-515b8ba6ca02>,0.35
<urn:uuid:01cd1f47-8a18-42b7-a54f-23c3df0caada>,0.3
<urn:uuid:edeade64-001e-415a-bafb-59c17b5578e3>,0.35
<urn:uuid:74fc79a6-fd12-443a-8c18-4822578f0f1a>,0.39999999999999997
48c04069-b764-4189-a934-24bf8a6e1a4e,0.39999999999999997
<urn:uuid:a2b2f27a-93d7-481b-b7c2-8a26e54ca3b4>,0.45
edc24ff9-9666-4ff3-8bff-2c25bc12e3f4,0.45
<urn:uuid:c643bb2a-dba1-442a-a95d-0bfb0f57fec5>,0.6
<urn:uuid:7eabcaf1-4a3d-4750-b87f-5139ce67e807>,0.6000000000000001
<urn:uuid:8d1b3466-b69f-4bda-bc53-e9945bcb11f6>,0.55
<urn:uuid:20cae541-9529-427c-a1f6-6aafacae2433>,0.5
<urn:uuid:0a11b584-056b-461e-ad71-4ea7e681ec34>,0.05
<urn:uuid:2c12959c-703f-44a9-8680-de626f7781e5>,0.8
<urn:uuid:0b3a3450-d7e3-43e6-9a22-9767d4e621ef>,0.2
<urn:uuid:67455e6c-d208-4e98-93b5-7e4f3015b7c2>,0.2
<urn:uuid:7dddd162-10b9-4704-b2ab-806f8617322e>,0.8500000000000001
<urn:uuid:3977a658-ce69-44c6-905d-5f46c175f4ee>,0.8
<urn:uuid:4308f689-df52-4e85-86e8-aea1b431f943>,0.65
<urn:uuid:88f3c9c8-9342-46a6-a2da-3bf748382b7d>,0.45
<urn:uuid:0455eeff-17cc-4357-9f3e-6119a261e056>,0.45
<urn:uuid:97f06f90-f389-43e2-b53b-114958d97adb>,0.35
883e6c22-6f08-4eea-9d1a-f17e26a5a547,0.6000000000000001
<urn:uuid:46c102b6-1fc7-4a7b-810e-831fb68378f8>,0.45
<urn:uuid:356cb5dd-cc24-42d3-9a81-9cd4a25f64b6>,0.39999999999999997
<urn:uuid:8e2491f4-9099-4f3d-9ce5-d0d53dd52f36>,0.55
<urn:uuid:7aabe62b-e610-4698-bae3-80357cce8d9e>,0.44999999999999996
<urn:uuid:b7818bfd-72b5-4dff-a6c9-96a312ebc60f>,0.5
<urn:uuid:11608d2b-6319-45fe-9d17-1ca6d7e46e9b>,0.5
<urn:uuid:e46edf3e-ee09-4bb6-9b7a-4c84cf8086f1>,0.35
<urn:uuid:d6179416-f2b2-4edb-884f-10674af22d92>,0.6000000000000001
<urn:uuid:102efbca-3024-4c83-ba8c-110b25bcab27>,0.55
<urn:uuid:548e0660-6dab-4bb6-8820-b0fc7f5b5b84>,0.45
<urn:uuid:1924494c-22b0-4e68-b53b-cb66fc3af209>,0.55
<urn:uuid:8e8fb844-69a0-4b26-9716-4b609828311e>,0.65
<urn:uuid:469d549b-608c-41b8-a40e-8e606b1b9d56>,0.25
<urn:uuid:07996a0a-f3fc-4765-bab2-dc54bb744603>,0.35
<urn:uuid:c6bc9841-e733-4507-afac-9672aec8190e>,0.3
<urn:uuid:19d177c2-6f7a-4233-ba15-2cb405583be1>,0.2
<urn:uuid:9b8ee022-dc25-498f-a8ba-d722b8600428>,0.15000000000000002
<urn:uuid:85d2dde7-5a27-45bb-909d-85bec244a2f0>,0.7
<urn:uuid:8918380f-1f13-4f24-8b0b-f8a51025401e>,0.2
<urn:uuid:f28e70d0-f99c-4b81-a813-237b4d76cc17>,0.5
c95c114b-2f65-4430-b7e4-380efd2b8740,0.7
<urn:uuid:f516e910-ca33-4923-8b54-b308a196440b>,0.45
<urn:uuid:7eafa443-2c10-47b6-b0f4-bcb2afe2de83>,0.25
<urn:uuid:4df85422-6a01-44af-ad0a-9c9e5c2827a9>,0.2
<urn:uuid:ba4af1ec-9c77-4994-9a51-a8608477e9ce>,0.44999999999999996
<urn:uuid:bb9f7cfb-7228-4bcb-baa0-b9a1a34a29f2>,0.45
<urn:uuid:0992b08a-6e36-4484-9728-40a6b493d958>,0.5
f673fdb8-408c-46d0-9062-62b24e2b6c0c,0.75
<urn:uuid:0e16afb3-74e4-4a79-b229-a15d56cb329a>,0.15
2b6188d4-4ece-49f4-bcc6-33cdf17c66c7,0.39999999999999997
<urn:uuid:559aab01-e389-40ad-98e4-be4df6db9d5a>,0.5
<urn:uuid:e5a9760f-765c-4d84-9a00-fbea5b38d1df>,0.5
<urn:uuid:f16a8b55-4d55-4105-b987-9f5dcc173854>,0.55
8acd6bb8-12de-4e91-a269-fa027aa8e0a7,0.44999999999999996
<urn:uuid:36c80ecc-c694-4fb0-86e3-27878ef9512a>,0.55
a2420cfb-0bdc-4cdd-bae8-26634c164643,0.35
<urn:uuid:02a5e994-32a6-465a-9659-592fa2766603>,0.30000000000000004
<urn:uuid:e5d90c3c-4ebe-4566-afa7-27427c179f3e>,0.5
<urn:uuid:a1d6cda2-3c84-4c11-9a56-7903d48f0323>,0.3
<urn:uuid:8a2b4dd7-5a0c-43e4-a048-e9eca98d4b59>,0.25
<urn:uuid:e2bcafba-8cf0-4e2a-8097-67aab268887c>,0.4
<urn:uuid:8a437275-a190-4c39-ad41-439d147fdb7d>,0.45
<urn:uuid:d3f8b86a-c071-4147-996c-d1398245eb5c>,0.5
<urn:uuid:b47a6222-cacd-4254-882f-6a6a109b490d>,0.55
<urn:uuid:7a4b84fa-8948-494a-be25-bf946f2d0394>,0.35
73cd7cf9-6f28-4c3a-8b6d-bafbbbbe6af1,0.5
<urn:uuid:6e5716e7-3a76-467b-9572-1d7bf2c03bb5>,0.35
<urn:uuid:d95e29bc-30b9-483f-8d2d-feffc2485ed1>,0.6000000000000001
<urn:uuid:d8f615ed-9562-4d95-b58d-e1e682b9b6e4>,0.25
<urn:uuid:f402646d-d182-481f-a0b0-686159dd56ac>,0.55
<urn:uuid:56ec9c68-02a4-474e-9fe1-cacd6a7bf1f3>,0.25
<urn:uuid:7c007a8c-afd8-4267-93a0-0a5eb701e670>,0.8
<urn:uuid:437659b7-ae57-4f2d-885b-c4d066d585e5>,0.7
fd83b835-a5c8-479e-8015-e077eedf5bdd,0.7
<urn:uuid:4fed156e-cc1b-4b20-abb1-0d70fe60f035>,0.55
<urn:uuid:ae9f3250-a2ef-48e6-bcea-2c31057994b1>,0.6000000000000001
<urn:uuid:d7295749-407f-40e7-b5cd-d3f6becc84a4>,0.5
<urn:uuid:d6cf37db-6930-4676-9a82-9bceb77d80d9>,0.55
<urn:uuid:ca9cb093-5507-4319-9b26-471956b25510>,0.5
<urn:uuid:72763bac-9308-495b-997b-2e650a09d673>,0.2
<urn:uuid:d1a5a5a9-a705-460f-a5c3-022ce8f8f771>,0.35
<urn:uuid:99dc2709-4681-44dd-919c-7764d617fadc>,0.55
<urn:uuid:f674bdce-ab81-4ff4-9603-16e58640bd75>,0.45
<urn:uuid:0ec1b7a1-e058-42f5-b264-6aa898bd5412>,0.45
<urn:uuid:b21e80d1-d789-48b0-a685-8b236f6d0247>,0.44999999999999996
<urn:uuid:693e3127-2866-444c-b30c-a2bdd76a1343>,0.15000000000000002
bb722222-e7f7-4bbe-bc1e-36d090519777,0.4
<urn:uuid:3b62e86e-b6e2-4eab-8d15-6c1eb180ab9a>,0.6000000000000001
<urn:uuid:13bb87c0-65b4-4418-ba57-0b30df6fd7f4>,0.5
<urn:uuid:fa6c68bc-033b-44c2-87cc-41a9e4f9a441>,0.55
<urn:uuid:4e39b636-af50-4b6c-b131-d29c44e660c6>,0.75
<urn:uuid:f498330f-ce3c-4b2e-abe5-cc442ce98954>,0.45
<urn:uuid:3ec816c3-5467-4c82-9eac-2f4530cbe257>,0.55
<urn:uuid:b43d58a6-5295-4bcc-b1f2-18c6a37fbc35>,0.39999999999999997
<urn:uuid:020184de-6ba4-47cb-a030-6f17d4012d34>,0.45
<urn:uuid:ed0e8b4e-60c0-43bb-b0ac-17072b21c118>,0.55
<urn:uuid:678a85f8-649f-4679-af86-52b79537cd47>,0.35
3d258552-2e30-4dd1-8c57-0db9f5866b0c,0.6000000000000001
<urn:uuid:857f7554-dddf-409b-89d0-e884ddc032d6>,0.55
<urn:uuid:b7cc1050-376b-416e-a731-6915297fd8cf>,0.15000000000000002
<urn:uuid:652d3eeb-f575-4692-8fea-e15a94cea938>,0.75
<urn:uuid:58103cfc-1775-4b3b-ac53-92f4bc1f3768>,0.30000000000000004
<urn:uuid:e4b9b8f9-25ec-429a-bcba-ccb82ab9cc52>,0.4
5f0189e7-8065-4aa8-8751-b16c9fc62738,0.5
<urn:uuid:f2594bb5-9669-4de0-be2d-44bf40246ec6>,0.2
<urn:uuid:09c51ddf-89d6-48e5-be54-3e5ae7da101a>,0.6000000000000001
<urn:uuid:8418e44c-2d5b-4f1f-86d5-6f6098cec60e>,0.45
<urn:uuid:50f58e76-2a10-46e5-83ce-e85fb9acb4a4>,0.8
f7b2b56e-9c2f-4d6f-bd7c-657f9c56e3cf,0.8500000000000001
<urn:uuid:f8e442f5-b68b-474e-b0c2-b5ada55cad35>,0.75
<urn:uuid:b4b88283-b48d-4f68-90fe-549dfb2db0c1>,0.6000000000000001
<urn:uuid:e8dcd53d-989a-4ec8-a6d3-95587e779fc3>,0.55
<urn:uuid:f9c8b291-2eca-4843-b301-d07a6994f5a9>,0.39999999999999997
<urn:uuid:5d94085e-511d-4bfd-b529-5851a8e92454>,0.55
<urn:uuid:b0d6ebf5-64b1-4d70-8830-723769549bd4>,0.3
<urn:uuid:28175a39-de77-4f7d-ae59-856d3dc90277>,0.5
<urn:uuid:c6d07f1f-0773-481e-b31f-7aea5463b9d2>,0.35
<urn:uuid:63d65ec4-4a2e-4812-9689-eac07421142d>,0.1
<urn:uuid:fbca8550-52c4-4e54-ba53-9d0c9f38f5bc>,0.8500000000000001
<urn:uuid:895560d6-d32a-4fe8-bd6a-167ce77a206f>,0.35
<urn:uuid:4c39459f-72b6-4b7a-b086-0f41b44e08ae>,0.5
<urn:uuid:ad0157b9-f8ae-4da5-aacb-8db4940cd2d4>,0.25
59078921-31e5-45bc-9ce0-def43aef1bbf,0.5
<urn:uuid:fcfd46ab-4ba4-4445-b0ca-d7be5ba0fc91>,0.25
<urn:uuid:294402c6-3aa6-44eb-ae35-c2fd91cafed9>,0.35
1a774e0e-06f8-4dea-a1f3-3d9920ab08c4,0.7
<urn:uuid:973fe083-84c6-47c4-8a12-e5bf2ee101aa>,0.55
<urn:uuid:e564b2da-c681-4287-8f7d-0fc431bec799>,0.45
<urn:uuid:25736078-2791-4e18-94a6-6f6cd4de159e>,0.55
<urn:uuid:55ec32a8-4876-4f71-913b-735dc780708b>,0.25
<urn:uuid:105c2f54-bcb2-4b2a-9bbc-de7cb9b49113>,0.45
5c31b1b7-aa2c-469b-b40b-3f50dbf07961,0.65
<urn:uuid:c306fb6b-9864-41dc-bf45-d1651584d737>,0.25
<urn:uuid:66851ed6-2f0f-4435-a033-361bb183a025>,0.25
<urn:uuid:baa3fa56-5345-42d7-9e6e-6ae99defe6d6>,0.25
<urn:uuid:d8814770-149f-4853-8bce-c69a930bbfbc>,0.45
<urn:uuid:1bfe4f27-40e7-43ef-8678-09c5e3cc72ff>,0.25
<urn:uuid:49e46f24-75cd-4369-a5f5-ce47fd5f1e83>,0.55
<urn:uuid:f694279c-d91c-4596-a977-17faae92f80a>,0.25
9a4cef09-fec2-4fb5-8a88-2b99ef6cb6ab,0.3
<urn:uuid:f1d93920-2040-4fd5-a3c6-1d3c1f3b7dcf>,0.45
<urn:uuid:61042057-1fe4-4c39-9630-200361b1b5c9>,0.4
<urn:uuid:112e218b-ea78-449c-917b-742b11ce7ef9>,0.6000000000000001
<urn:uuid:bcd9181f-182a-4cad-8d69-4f01e9f4a68a>,0.55
<urn:uuid:0cee5f4b-a2c2-47af-8f11-ce41faa85723>,0.55
<urn:uuid:d838a964-9827-4fa4-8b4c-e400148657b0>,0.35
<urn:uuid:693a37ae-ce4e-47a1-8c9b-8e5a5f177d55>,0.6000000000000001
<urn:uuid:99f5a17d-0329-4f42-99a8-583c1a8f549d>,0.7
<urn:uuid:b4c4bedc-f3bb-4c7d-87d1-200fba7ab09a>,0.39999999999999997
<urn:uuid:c12c5427-c667-4d99-a797-a30f8f793b70>,0.5
<urn:uuid:3c0fb96e-d486-453c-9e01-670b5f32c807>,0.35
<urn:uuid:8756a90c-08eb-4418-a443-de5eef1204a6>,0.25
2c01f5a8-29f5-484b-9054-b9eb4121b640,0.7
<urn:uuid:b6d08b65-a23d-43a0-8f08-5d414e3f16e2>,0.6000000000000001
<urn:uuid:a893c527-86ba-4bf6-b92d-868710f6e56c>,0.55
<urn:uuid:7b13f610-d65c-47bf-8ee9-982955447a93>,0.2
<urn:uuid:87480c12-b6db-4abf-98a0-86025c147d6d>,0.55
<urn:uuid:9161f3af-6f4c-4b6f-a50c-95f25e8b1888>,0.65
<urn:uuid:b8687dec-aee9-46aa-94b2-ba6c71b62208>,0.6000000000000001
<urn:uuid:fe475b08-2fca-4a39-ae5d-96599bf28fe0>,0.4
67c6fdd1-f9ce-4b61-9f91-ae6dd70be675,0.55
<urn:uuid:8f7c885e-9880-4444-86e2-0b3da9652dd0>,0.3
<urn:uuid:faf79d67-c01d-45a3-99ea-dcdce4ebdc3b>,0.45
<urn:uuid:9e7f9710-eed5-4957-a94b-82f3dbfb3a7c>,0.55
<urn:uuid:07c46d44-e5b3-4b86-813f-076601a5efc1>,0.25
<urn:uuid:cb1f7928-e126-434f-9900-ec8e5a8b1068>,0.2
<urn:uuid:f4dc3b0a-1cb4-4f01-9dd1-0a140495d091>,0.35
<urn:uuid:f1187162-c109-427c-a29b-0826aed1dce9>,0.2
ba8ef743-1184-464d-8ed1-5f6bbb1ef2fa,0.39999999999999997
<urn:uuid:d2141e75-a5bd-412e-9df6-3415a4c6c0cc>,0.25
<urn:uuid:38cbff81-28c9-4694-bbe0-54ea6df98a4a>,0.55
<urn:uuid:8aa144b0-eb9e-4a42-a717-25e6364baef7>,0.6000000000000001
<urn:uuid:c1b66495-bc7a-4a3c-bbde-7b1a13630c24>,0.45
<urn:uuid:99d9f6cd-8721-44eb-803f-961e80c602c2>,0.8
<urn:uuid:442fc268-b1ef-4919-9847-dcf0cab5d266>,0.25
<urn:uuid:0279f973-1c6d-4750-86cc-0fa6d7fc9422>,0.25
b6518853-812d-4440-b7cb-9c5afa4a457e,0.6000000000000001
<urn:uuid:901d71cd-b47c-4dfe-9626-e60d27b78947>,0.2
<urn:uuid:40ee6a65-c30b-4086-94fd-3ed60f5f3d70>,0.5
<urn:uuid:1e7ada34-5cb7-489b-9fee-a928ff8f6304>,0.6
<urn:uuid:f9a32f24-fb71-4ae6-9580-da240bba96cf>,0.35
<urn:uuid:77164f55-4117-4d96-bf95-141cedb12abc>,0.5
<urn:uuid:783b4c7d-3a26-47ad-bb95-2725a5e8891a>,0.6499999999999999
<urn:uuid:70b7fe85-c08f-4514-835d-2aa66907dd19>,0.25
<urn:uuid:cdfbd01c-11fd-4412-bdfc-8ca48b38ac7d>,0.5
<urn:uuid:c6321399-737b-406f-93e4-ac1617ae6221>,0.65
<urn:uuid:64ae1478-f905-4a95-8d10-4038edca9ed4>,0.35
<urn:uuid:0f7f5079-4baf-4021-965f-def3c0ff5f3f>,0.5
9fba8318-eb0a-4013-9944-6145f3461304,0.55
<urn:uuid:42dc88b5-8bbe-453a-948b-da3f1dc82786>,0.35
<urn:uuid:fff1816d-a3eb-46e5-9f09-6ca2399617db>,0.39999999999999997
12e8ba66-5573-4356-b109-12edbfb1ab21,0.6499999999999999
<urn:uuid:a2e25064-d753-4006-b10b-281c9e29a8cd>,0.2
b4c6c11b-c6dd-4256-b935-18ca18e505fd,0.35
<urn:uuid:ba0bf239-3608-4016-bbdb-10b816009d18>,0.5
<urn:uuid:490677ce-af40-4529-8819-9359e9a2b90d>,0.44999999999999996
<urn:uuid:f01a59df-c894-4b69-b373-449e4e2ce242>,0.25
<urn:uuid:e8946137-9809-4c01-a0e2-df784b01659f>,0.39999999999999997
<urn:uuid:82355b43-9e0a-4508-a3f3-c517a77100dc>,0.05
<urn:uuid:d22ddd6f-a5ec-4efa-94a6-9adf1517317b>,0.55
<urn:uuid:edb60b2a-1006-43de-8750-947cb22af081>,0.75
<urn:uuid:8d9d28ea-b256-4f34-8b6e-362c89d6bc81>,0.6000000000000001
<urn:uuid:808fdcc2-64cb-4126-8e42-89e54c2a554d>,0.35
<urn:uuid:80d7c2da-5b04-4ce8-a36c-9d87e357d345>,0.2
<urn:uuid:4e7aec38-b8d3-42ee-9249-f41c2abf4166>,0.6
<urn:uuid:17edae33-fb7e-4cef-87bd-04238d9289e8>,0.25
<urn:uuid:79adb8da-0a70-42b0-acab-89094d3c53e0>,0.45
<urn:uuid:be91905e-3b39-41e9-be56-b6a7b1150218>,0.55
<urn:uuid:51e01520-772a-4a0e-8ecb-0a9a969eb6c0>,0.45
<urn:uuid:9e87f00f-69de-4900-ba36-58724e308a04>,0.35
<urn:uuid:e04899a3-3732-4b0f-acf9-3e9956fce2e5>,0.25
<urn:uuid:42c78895-f480-47f4-82d4-6a65bb50d1b2>,0.5
<urn:uuid:b4a6707a-4d8a-4422-afcb-1c09d7a7e02f>,0.6499999999999999
<urn:uuid:5ff49425-24bb-4403-8228-4f39f57568b1>,0.55
f41573cf-f51a-4322-a7d4-06d2af7f516f,0.44999999999999996
<urn:uuid:67eeb8cd-1fd8-4182-a26b-9568d0569270>,0.55
<urn:uuid:49932a42-292a-4147-931c-4907dade2294>,0.15000000000000002
<urn:uuid:1613963a-1b83-4b1d-bbe3-c58487d79021>,0.30000000000000004
c793b5d5-45fa-45cf-aebc-a00f8579af18,0.6000000000000001
<urn:uuid:c30ed84a-d810-4544-a31e-504cde85660c>,0.6
<urn:uuid:dbf882d8-1e6a-4f42-a0ae-0bde665f63a4>,0.35
<urn:uuid:0993a97f-519f-4d37-95bb-1d34e73a3dbc>,0.25
<urn:uuid:870548db-57bd-4ac5-af9d-776fa00651f0>,0.25
<urn:uuid:4691c431-da3e-42e6-896e-9a1c99694b75>,0.25
<urn:uuid:dfd5d961-a547-4282-80d3-a3f945f5dab3>,0.3
<urn:uuid:0d74d4b2-a08c-45ce-92f0-4e850b649dce>,0.65
<urn:uuid:10c7c73f-2796-4e75-89c8-04cd6238a7e9>,0.75
<urn:uuid:da45c27a-c053-4031-aee4-f925adcdff83>,0.65
<urn:uuid:ec6dedfc-346b-40da-85e4-67f364e4ccea>,0.8
<urn:uuid:75387cf3-1f9f-4898-8512-ab679a91160c>,0.65
<urn:uuid:87e9466f-b4ba-4054-b7ac-0ead56ce9883>,0.6
25dc92f0-762d-466a-83e4-b73b4102b24e,0.6000000000000001
<urn:uuid:50ee1fc8-e4a3-4108-8973-75af8921daf4>,0.2
<urn:uuid:e6898b6c-0391-4ae6-b6db-a1fe4b4e52e7>,0.35
<urn:uuid:36fa9beb-1319-4856-8330-1331f423f94e>,0.6000000000000001
<urn:uuid:d6035c2e-eea8-45c1-b5a4-3dc1c90f15d4>,0.4
60e3b38c-60f1-40a9-9ce1-e99451c99501,0.6000000000000001
<urn:uuid:f8f848a7-72ad-4cb3-a0be-0ec97b15acfc>,0.25
<urn:uuid:7cfc62d6-26b9-4f82-973a-17f76e012ba7>,0.6
<urn:uuid:c4bd4323-9b07-4781-8e2b-8455e0dd2f6a>,0.45
<urn:uuid:16b7a0e7-28dd-426d-8d38-a96d0de41af1>,0.55
<urn:uuid:82a83e0a-155d-44ad-8483-bdb38aa6f516>,0.55
<urn:uuid:83add6b1-8b4f-4754-84f2-cfa6bbe2520e>,0.35
<urn:uuid:71c6d62e-546e-4e2f-9830-bae3e8de3b8e>,0.39999999999999997
<urn:uuid:80e03446-538c-4df8-9a83-7e65cec7cd0d>,0.3
<urn:uuid:58618f30-383d-4c7e-84d7-b1bfd0fdd531>,0.75
<urn:uuid:d59d4067-9120-4e22-9512-5fb9d7331423>,0.5
<urn:uuid:5e355713-1eed-40b6-9fe9-83db8f80884f>,0.65
<urn:uuid:b94edae9-74e7-48c8-893e-7d93c527b2b5>,0.25
<urn:uuid:637bcfec-a04f-45d7-9bf7-f2ca8197a959>,0.55
<urn:uuid:6e209f27-2c1c-4ed6-b79f-49a6f509caf5>,0.65
<urn:uuid:91d04557-59f2-446a-9134-4148377afd94>,0.65
<urn:uuid:ac294606-fa19-4b83-b5d1-a307e5884f31>,0.39999999999999997
<urn:uuid:e7a81cb5-4de0-404f-a85d-99666e61eb1c>,0.44999999999999996
<urn:uuid:549be20c-1435-4f21-aab0-50afcdebf36d>,0.05
<urn:uuid:5acb9424-22cb-49d5-b2c5-9765a1771feb>,0.65
<urn:uuid:bdac5030-bfff-4148-b313-3c635649e1ba>,0.55
<urn:uuid:89301569-52fa-45f5-ae38-6fff3d71e256>,0.65
<urn:uuid:011fa5d1-42b2-43b5-9bf3-e59e6b221990>,0.25
<urn:uuid:20702548-3a1c-44c1-8753-2282a0bda473>,0.25
<urn:uuid:37bd3ccc-8b88-4f8c-a4a7-ba12bb7fb9c0>,0.45
7d4501b6-32e2-4e51-820b-152cefea7db2,0.55
<urn:uuid:f04cc296-b663-4ae4-b9ce-c75f91c94627>,0.45
<urn:uuid:877d5aed-c6eb-442a-a8a0-92b34a6d0909>,0.05
<urn:uuid:66a90ef8-3511-4b56-81dd-0fd9132fcba5>,0.45
<urn:uuid:9471186a-7097-4d2e-81e5-f0b54f87f276>,0.35
<urn:uuid:9d7cd52c-6b37-40f7-a55a-4ade50f805ff>,0.55
<urn:uuid:0118a94c-257b-444a-9958-cd82fbe79a60>,0.75
<urn:uuid:dab6348a-25d3-4cc3-a812-160329dc0826>,0.65
<urn:uuid:9f5c682e-e51c-414b-bf26-32345780b395>,0.5
<urn:uuid:1b5dcd98-bca1-4cda-95bd-f7b28236b78f>,0.35
<urn:uuid:fcf3a9d6-7e06-448f-91cc-8c109bb97219>,0.4
3bcfc25a-2d85-48e9-a9d8-55c479172970,0.55
<urn:uuid:bab0a419-35e0-4182-be99-26a77e1060a3>,0.44999999999999996
<urn:uuid:e00a43c5-6633-450f-8c32-e2b13d2b9995>,0.55
<urn:uuid:1118c1e3-74ea-40f1-8a54-4ae55e53abdd>,0.5
<urn:uuid:cac3a976-fe50-4cf5-af8b-b53ae347233e>,0.55
<urn:uuid:e4e0d5f1-1322-4526-aaa2-8d3b3139c71b>,0.45
7d02bbad-741b-43a6-aced-ddb709b02004,0.5
<urn:uuid:fbcae7cf-9762-4b17-aafb-2655d5f3d187>,0.45
<urn:uuid:ad9159ff-4648-4325-8d98-0f533075af9a>,0.45
<urn:uuid:e2ca6bdf-e72e-442e-90ea-97ff04ad2d7f>,0.35
<urn:uuid:1dafed52-5490-4f4c-8fbd-c078faa2547c>,0.6
<urn:uuid:489778a9-7062-48b5-a8c7-642fe3b1a9dd>,0.45
<urn:uuid:b03e4ace-f3dd-4549-9b9e-06ba8c365260>,0.75
c396f10a-7f4e-4851-b9a8-a677881d38d9,0.45
<urn:uuid:27b5ef7c-c6fe-44c7-a69a-c8a34925fdfe>,0.55
<urn:uuid:d997eab6-b17d-40fe-a103-6ed141c7f37a>,0.3
<urn:uuid:e45fdfb8-e721-4418-8abb-4e30e0a02237>,0.55
<urn:uuid:1768499f-8c08-424a-907a-ada7dfc08b2e>,0.6000000000000001
8da6d060-2452-49d0-a11f-8686690427e3,0.6
<urn:uuid:52fa9fa2-b605-411e-bca7-de9a3aa9cba9>,0.5
<urn:uuid:97146f66-793a-48a3-ab5a-a374202f4e33>,0.35
96e85fd3-a151-469a-8d7b-bd923d0119f2,0.6
<urn:uuid:e910eb78-0fb2-416f-86cd-23a8071cef5c>,0.35
<urn:uuid:bd747df9-bbe3-44f5-8256-e866054c74cd>,0.65
<urn:uuid:1ba84823-aee5-41c3-8329-73be229ad1b4>,0.5
<urn:uuid:97cd79cf-2cab-4f8c-b1d2-0d003ab77d05>,0.55
c973f0cd-7ff4-4797-9905-799e64bb006c,0.8
<urn:uuid:535f019d-61ed-40de-8e48-156e47d28e0f>,0.4
<urn:uuid:bfed796c-3584-4342-9b74-8a7eed5b6bdb>,0.55
<urn:uuid:f8237a06-a6f4-4674-9758-069edb84d572>,0.45
<urn:uuid:23effa7f-a2f5-4895-b405-335e66d994dd>,0.7
<urn:uuid:d91a75c0-d1b7-46cd-a1fb-323b28799c4b>,0.55
<urn:uuid:7b2e1555-779e-44c6-8a49-d9284549fb0f>,0.75
f43552ae-bab4-4d22-bfec-4b7a49a8dd52,0.5
<urn:uuid:41d51d62-d5ba-4daa-b087-d47bb26d5cea>,0.65
217218ed-bc66-4e0b-b4d5-235cfd5d32e7,0.6
<urn:uuid:b7014a6c-ce24-4da9-a0dc-28e882d846da>,0.5
<urn:uuid:a4b50b03-a05b-4241-9239-5334bd39aafd>,0.8500000000000001
<urn:uuid:f3c4c5ec-6a6f-4790-8f9a-162c187d6c88>,0.4
<urn:uuid:42751b56-df68-425e-a131-4e4bc8e0032e>,0.55
0faccffb-f7ea-45a6-9aae-bad2e74c3903,0.8
abf7e6ba-5084-4384-b4c7-c036e55486bb,0.35
<urn:uuid:74953967-98b4-4998-8973-59df9592e209>,0.2
<urn:uuid:1a88563b-9f08-4b53-ac29-ca1b3d8c73e8>,0.25
<urn:uuid:f77ace17-4d49-4381-87f9-31aae8a11912>,0.25
<urn:uuid:9e02d7e6-c20d-4f98-b148-58d3d7fcce9a>,0.2
f878c02a-aff7-43a0-8ae4-140b7f07c780,0.30000000000000004
<urn:uuid:6a442084-3acf-4e64-979b-c2407319b89a>,0.35
<urn:uuid:00a6f59f-0d76-439a-82ee-0e4d0a83e56b>,0.5
<urn:uuid:2f0c19a0-b30d-4b27-a645-dcce6fda1a28>,0.6
<urn:uuid:93c590c5-477e-4e0e-849c-e3e81f92904b>,0.8
<urn:uuid:783d5a4d-2c5b-4d45-9da5-ea9d89f97fa5>,0.4
<urn:uuid:1b88dcd3-f5b2-4a79-8320-2c0999c938e2>,0.39999999999999997
<urn:uuid:9024a471-15b3-4e06-8aef-9de7623b524d>,0.1
4bdf0811-5039-4d80-8402-6921fdd84108,0.44999999999999996
<urn:uuid:121929c2-e1fe-4b83-9183-abd26682ce9d>,0.65
<urn:uuid:415797aa-af61-4e46-aac8-d976b3c531bd>,0.65
<urn:uuid:50bd3547-bb2c-491c-ab8f-1cdcefc74022>,0.7
<urn:uuid:27f839c5-d80c-4bf4-b93d-277ee87f57db>,0.3
<urn:uuid:7dd3357f-8ac8-4fe6-8d18-f29801f8e02d>,0.2
<urn:uuid:7f5a931d-d58e-4071-aaeb-d62a5926d773>,0.2
<urn:uuid:13d03b80-54f1-433e-9251-35d742b4b92e>,0.39999999999999997
<urn:uuid:0ed66080-d89e-467a-bdf8-c0502218779b>,0.7
<urn:uuid:712b4474-a381-4aae-90d8-09346908a4d0>,0.44999999999999996
<urn:uuid:56779736-1dc4-4930-8f20-5b48d7a63110>,0.5
<urn:uuid:5ed3b456-950f-47a3-8671-c9d4fb67933c>,0.65
<urn:uuid:a649c652-fa1d-4627-a383-1617702cea8c>,0.55
7c13d82a-fe12-461f-ada6-92470a38ce99,0.45
<urn:uuid:d81a3c48-ec93-4d39-9528-798819445eda>,0.8
<urn:uuid:b230b991-79b2-47e8-a1f5-7ebab4441b4b>,0.45
<urn:uuid:5385342c-3f12-4d97-a1da-d288b28e2e68>,0.25
<urn:uuid:1a08621e-91b5-4601-83f9-b310b7547c4c>,0.55
<urn:uuid:664e6ea8-cb9f-40ef-9c11-c8703fa1c275>,0.5
<urn:uuid:6c5aab7a-09d6-45a6-924b-ed9a9383ebf5>,0.35
<urn:uuid:d7156a7f-6d43-4f1b-8bfc-53ecba2c59a5>,0.5
<urn:uuid:d1312925-c3e3-4245-b338-1c8325a31882>,0.55
<urn:uuid:6d58386f-344a-46fd-9fd8-47ac6f1c6655>,0.15
<urn:uuid:8c37dc40-8b94-4a9b-8d91-0ad314f3dfc2>,0.45
12e46b00-85a4-469d-9330-02f47295479a,0.55
<urn:uuid:8682c5fb-949c-4552-804a-e6971a18a609>,0.2
<urn:uuid:2d7cb06d-bdce-40da-8297-09e5a1edb8a9>,0.5
<urn:uuid:92e399fd-dd33-48d3-87c3-2418e9f829be>,0.4
<urn:uuid:e58148f9-c285-4d82-ac88-e10606a239d9>,0.75
b3fb7176-a209-4647-b198-a1eb3c5969d4,0.30000000000000004
4b69d1ab-5d41-4963-b7b0-3c797438ffa8,0.55
<urn:uuid:40cbc5e0-ad7b-4285-b1e3-6435945bf394>,0.6499999999999999
<urn:uuid:358c4f4d-8339-4b51-acb4-d16c45650f90>,0.6
<urn:uuid:f1a7d6a0-7788-4e5b-a828-5e6eec464d7b>,0.5
<urn:uuid:beb9e897-8b74-4895-8b44-5c250c504d44>,0.3
<urn:uuid:f4703f18-966d-43ed-bdcb-da0a8ba975fc>,0.5
<urn:uuid:60965cf8-5601-4e19-8730-0302f962e19b>,0.55
<urn:uuid:2c48b641-c7c7-4edd-ba78-4dd6fa719e82>,0.39999999999999997
<urn:uuid:dcb376dc-42e6-486d-94ba-3ce1db966962>,0.6000000000000001
<urn:uuid:9ccd17d0-249d-46ff-9a8a-d93dacd24993>,0.5
<urn:uuid:8e32be6e-24be-4fb8-99ff-a4123e3bd6f9>,0.39999999999999997
<urn:uuid:3693a669-8f96-40c5-98cd-c727d0fd4e75>,0.5
<urn:uuid:07f85e0f-896b-4e3a-828f-1652ec135fc1>,0.45
<urn:uuid:39e7aebc-8513-4ad4-8124-7ce200834192>,0.0
<urn:uuid:f6562847-7b48-45f5-a2be-c0c7cd477d13>,0.15000000000000002
<urn:uuid:69e2bf0b-63a1-4001-8d4c-75a667a53a9c>,0.5
<urn:uuid:be08ad0f-5ef1-4eb8-b149-e0a15ca023da>,0.65
<urn:uuid:449f5453-09b1-43c8-a60b-8d8b4b044504>,0.2
<urn:uuid:a20a182c-dcad-4f77-bc32-586e028d68b9>,0.6000000000000001
<urn:uuid:5f10f1ef-7bf3-4413-94a5-e6d542165488>,0.2
<urn:uuid:4cf6033a-6d74-4e37-8bb7-56564350b256>,0.35
0cce66eb-774b-4deb-95f6-ee146d8645b2,0.2
<urn:uuid:606e214c-57bb-46d4-b3ca-5786ee67174b>,0.55
<urn:uuid:48980db2-2467-4d76-813b-8b48e8a790f3>,0.8
<urn:uuid:1e04f5a7-1443-4b2b-94e2-7b379ed60892>,0.4
<urn:uuid:944c8514-70a3-4905-8a5a-e3da81ede09d>,0.39999999999999997
<urn:uuid:296aaba4-4e2c-4bf9-9d7c-b8d1518b17ad>,0.8
<urn:uuid:37ac7e58-c74c-4470-bfd5-c23d7c3f4e03>,0.6
<urn:uuid:87b92cae-4cee-4106-860a-9945e52484cb>,0.15
<urn:uuid:a154c549-ff4e-4c85-b333-ca7b85149f33>,0.55
<urn:uuid:16b36cbf-98c7-4673-b3c4-a43ba9caf02c>,0.5
<urn:uuid:70b36688-647f-497f-b65d-b00eea4b27da>,0.4
<urn:uuid:6ce80296-1e1e-4b2c-aa0d-d08807c5e62e>,0.55
<urn:uuid:3bcbf422-966b-41f5-85bd-487290dac661>,0.5
<urn:uuid:fa75d2a5-90c1-42fa-a980-43bd547a0b93>,0.6499999999999999
<urn:uuid:817a0be3-1ad3-4f9d-9b0b-59d51646bf05>,0.45
<urn:uuid:8afe4a38-0bd9-471a-b727-d09a71b35602>,0.15000000000000002
<urn:uuid:27fb1ff0-0850-43b0-b1d1-4db0477a8b3c>,0.39999999999999997
<urn:uuid:e27d1001-1717-44d4-84e7-0972a87cc107>,0.35
<urn:uuid:2cc4775c-652f-4a26-9d04-4e30132a9974>,0.15000000000000002
<urn:uuid:eac5f580-8f65-4e57-961b-9b0580a81ac8>,0.55
<urn:uuid:0c6827d5-3f75-4b0a-aa97-09a318fafb55>,0.8500000000000001
<urn:uuid:1001761f-3906-4780-aa80-08d4aa912661>,0.45
<urn:uuid:4082380b-8b87-42ea-a5e6-7d0643ac107c>,0.30000000000000004
<urn:uuid:b36dd865-0bac-4fbd-aeb9-85476d4d871c>,0.35
<urn:uuid:386f0f3b-7001-4d92-a80b-c92eb7ead30d>,0.6000000000000001
<urn:uuid:30a732e9-ad14-4c10-a048-da8c87a512c9>,0.55
<urn:uuid:7b77a89a-c9ce-4c4b-bf13-7f952a1e0b75>,0.35
<urn:uuid:bbe753f3-2e4d-4ec5-ac0c-f852d2ea1a80>,0.75
<urn:uuid:3fa420bf-687f-4fb3-a124-7faee56e82fb>,0.44999999999999996
<urn:uuid:7be57203-824f-4cb3-a01c-8a740916f60f>,0.3
<urn:uuid:d931d131-f78a-4aa5-9593-d3184cb11146>,0.5
<urn:uuid:36c80a6f-93d8-413e-8d06-9a20be028119>,0.25
<urn:uuid:4cfbb93b-7a46-4073-a800-b5e4f3152e01>,0.39999999999999997
<urn:uuid:3375d92f-afbf-430e-b7fe-78b72042f52d>,0.8
<urn:uuid:fa57c6ac-8a91-43ed-a952-bc5e98c8e9eb>,0.5
<urn:uuid:20a2ff3a-9213-4124-82b3-e0aa846f73e8>,0.15000000000000002
<urn:uuid:b310f5c5-933a-4b73-92b3-072388e890bd>,0.55
<urn:uuid:f72314dc-e7a6-40d5-8bd8-e06a40df0d49>,0.15000000000000002
<urn:uuid:78c001ba-6c3c-4198-8dcf-c43dd514cb52>,0.55
<urn:uuid:108fa67f-07ae-49f7-9254-2c34f796e751>,0.25
<urn:uuid:c70e9d7d-59ba-4d6a-8da7-450ae5af71a3>,0.25
<urn:uuid:4b59343b-8b83-4247-8c27-18066d5056b8>,0.8
7ffab09b-9243-4ba0-a7d5-50cc257f3ef8,0.45
<urn:uuid:be760979-29ce-4917-ab63-8c3f7ec91b24>,0.6
<urn:uuid:2e944607-da3b-4425-ab30-9c2423e53460>,0.05
<urn:uuid:f3a3cb30-4749-47a6-b57e-e183e571c854>,0.5
<urn:uuid:ca77211a-cbf5-4b45-a0ce-4f4db95aac25>,0.5
<urn:uuid:7273f3b1-f1cf-4bf5-82c0-0f625b745f3a>,0.30000000000000004
<urn:uuid:af4a5438-97e6-4f13-8a58-3781e929a84d>,0.5
f70c8954-95f3-4687-a4a2-f39e7b7815df,0.65
<urn:uuid:d571b1b5-89c7-4e8d-b7e3-49319ac7e534>,0.6499999999999999
<urn:uuid:eb0cdc84-4a97-46d3-8eaa-347179381c8e>,0.35
7e98ca5f-df13-400d-8b36-a7929b597b9f,0.65
<urn:uuid:3cd37ec8-406b-4df7-b257-902e174dbffd>,0.35
0d4fc1d1-3475-4c93-8c90-ac6751c4a74b,0.55
5e220795-368b-41be-acd4-acef2759f5a3,0.75
<urn:uuid:a8802efb-7415-4f29-b6c0-db59cda62d7b>,0.35
50f6b59e-bcad-492e-8a03-74cdca1db643,0.7
<urn:uuid:05174f92-b891-4cce-be87-f6b130fd91d1>,0.2
<urn:uuid:22b52e85-9f1a-4bea-b74a-dc21c8f7f3a4>,0.44999999999999996
<urn:uuid:269caed0-20ad-4910-9d7e-c2330a73ebe4>,0.4
<urn:uuid:060b4d11-12db-403b-b753-f4fe256255ee>,0.55
<urn:uuid:f683bc78-ff7f-40df-9525-bb52021445a6>,0.55
<urn:uuid:fc861d6b-4717-4317-9b2e-fcf661001f00>,0.45
<urn:uuid:4ad1af67-b2d4-4f91-93c1-711a2a81561d>,0.4
<urn:uuid:fb3de46a-3f98-4ca3-9649-d51f4456f659>,0.44999999999999996
899229c4-511f-4a33-80dd-839750a00164,0.39999999999999997
<urn:uuid:e6f843b6-c9d9-40f9-baa5-3de9979ce65a>,0.6
<urn:uuid:b118b7ec-ac2a-4124-9612-22a1b0d018df>,0.3
<urn:uuid:7455bb57-c4f8-40ab-8f4f-b165650d8575>,0.5
<urn:uuid:93dcd592-56ad-497c-a86f-3cf65ff85074>,0.1
<urn:uuid:ed0ef081-1c47-4869-bc66-7908848a860c>,0.55
<urn:uuid:dd713d66-4e18-4bee-996b-7b57785c045b>,0.44999999999999996
<urn:uuid:9a1970ce-800e-4662-a8bd-0b1866e1fecf>,0.75
<urn:uuid:85862488-7aa1-4cb7-a27b-a48656e9e9b8>,0.35
<urn:uuid:740dcb9c-a6bf-44bf-9545-a4ed7501f3d4>,0.5
<urn:uuid:4bbd6e4d-72fe-485b-8eb5-f3f95e48a87d>,0.55
cd200290-1645-4be8-9e67-4be0ec4805a3,0.45
<urn:uuid:ae8cdcdb-50b6-4786-b09a-0ff62ec8d324>,0.55
<urn:uuid:6b77c6c2-79c1-497a-8a10-6cb61f382d04>,0.35
<urn:uuid:b5fc5ce8-f88e-4a9c-932c-84d2f42a0eb9>,0.5
<urn:uuid:d0030c5e-deef-4dc9-a05f-94c80c38022a>,0.5
<urn:uuid:23cc8830-f743-4d30-ad9b-3a3517f8337a>,0.2
<urn:uuid:29f45073-886b-4fc1-be02-81b70433f533>,0.55
<urn:uuid:9895a1bb-6d74-4d2c-a55c-b407a7746985>,0.15000000000000002
a7ceaac8-3cf4-406b-9e66-46615d24c7f6,0.55
<urn:uuid:426dcc1c-7f92-4d4e-b891-c6eeae21ba51>,0.55
<urn:uuid:5699c58a-3ed7-4d5a-958d-1370d5220fed>,0.15000000000000002
<urn:uuid:1e73ded9-6fce-400c-b033-54b4887e639d>,0.25
<urn:uuid:e2de53b8-83ff-426a-bbc5-9f51e3ea2844>,0.45
<urn:uuid:ba510e2f-2125-401f-9830-1fbd3569f74c>,0.05
<urn:uuid:68806c8e-3b13-478f-9f87-232d6314d917>,0.35
<urn:uuid:c4dd47d2-2e75-4ac6-8870-ac5650f8ecc4>,0.55
<urn:uuid:ac1c1fb0-5aed-47de-b33e-b3e1d575dffa>,0.05
<urn:uuid:fd805536-a7e5-41ce-a6f7-96521017cb8d>,0.15000000000000002
<urn:uuid:e73e2cbd-2649-46d4-90b8-906010415a97>,0.5
<urn:uuid:fbf68b0b-3f10-42fd-98f4-2aa8494f1f00>,0.5
c41840c2-e693-417a-9260-fc8876fc3a21,0.55
<urn:uuid:208f3a1a-29d4-4bc5-9764-fae262f4039c>,0.75
5ef7407f-12b7-489b-a20e-8c8e7e2315ff,0.5
<urn:uuid:bd4250f5-1195-419d-af07-fd56b4269517>,0.5
<urn:uuid:c4bbd167-cb07-48f9-b254-c91bbd513b2c>,0.55
<urn:uuid:077e772e-1720-4502-974c-e1da4038110d>,0.5
<urn:uuid:2fc9d100-dc49-4c11-bc2c-187d173b3ebb>,0.5
<urn:uuid:d262f66c-0cb4-44b9-8c15-6a859e2887e9>,0.3
<urn:uuid:eb6432c4-7dfd-449b-baf6-a455dfeeca73>,0.45
<urn:uuid:5ab0f4f5-8fcf-4227-bad3-37c25ee0354d>,0.4
<urn:uuid:f48a888f-b21d-406a-afd4-7aebaf4d3c73>,0.2
<urn:uuid:b7f86af8-4593-453d-be60-ce564df2eb34>,0.2
<urn:uuid:4ea2ec8c-679a-4ffb-8c82-213b976c3daa>,0.5
<urn:uuid:4fa44cba-4491-4cb4-86e3-431bd3d3e48f>,0.45
<urn:uuid:9f2f1ac9-bd47-49a6-9571-d320932d6330>,0.39999999999999997
<urn:uuid:80717a9c-7059-4602-9340-4d65ec505201>,0.55
<urn:uuid:954e8de7-af8f-4a5a-9f8a-02aa5fc77f89>,0.7
<urn:uuid:19b9268c-732d-4419-ac70-f0a9973b9ee5>,0.15000000000000002
<urn:uuid:3408eabf-70b6-4334-84b7-3886d727f33f>,0.55
<urn:uuid:e0512da9-52d2-48bf-83a8-7a8053a0d8dd>,0.2
<urn:uuid:f39a0d11-2420-40fc-8a0b-32d0e8754888>,0.15
<urn:uuid:a5f31966-9126-46f4-91cb-76b95cba6e46>,0.25
<urn:uuid:7f92df06-c796-493d-a1a3-2ffcdfa2d15d>,0.2
<urn:uuid:4ce13b5a-984a-42a2-b132-15633044d0c1>,0.2
09a6dfdb-8a20-4554-8fcb-db109a4ba115,0.2
<urn:uuid:6ff245e8-6c83-4618-a9b8-31f19d4db412>,0.35
<urn:uuid:25a559bd-ffd4-4b98-9166-ffa473151eaf>,0.6499999999999999
<urn:uuid:b1ecefb5-e4f6-4af4-aaef-a9e08fcca78b>,0.35
<urn:uuid:9d5a3261-84c1-4adc-9c56-0f2c0007e51d>,0.44999999999999996
<urn:uuid:2cb542b5-0b49-465d-9125-ac84f7e5b4d0>,0.05
<urn:uuid:9c351adf-b0ad-4e84-a610-45319ed84953>,0.44999999999999996
<urn:uuid:052d647b-4517-47ab-beee-77a17d5029a4>,0.25
<urn:uuid:a1c1bd52-0137-491c-9f7c-b55a33b24635>,0.30000000000000004
<urn:uuid:8c5b4f60-a21b-40b1-949c-390dd3fd89dc>,0.4
<urn:uuid:c11a7b9c-7c9a-4c01-ad8c-9faf2d1cd251>,0.44999999999999996
<urn:uuid:81658382-9408-44c6-8efb-166e143b6893>,0.2
<urn:uuid:b97cb325-0898-46f4-a3da-b29c5d64eee4>,0.55
<urn:uuid:92ee2aa0-bb79-44da-81f8-32d09bb85bad>,0.65
<urn:uuid:b8c1f437-41b7-4a8c-8c86-32114ea4c2a3>,0.55
b2646f30-9f41-4796-85a3-df483ea9850f,0.5
<urn:uuid:8a6a380e-1aab-4240-8a75-3b0fec15a0c9>,0.5
<urn:uuid:30e460fa-040a-41e4-af9e-b26807d31a98>,0.35
<urn:uuid:79e995da-f455-42fa-b0cf-6d327f9564a4>,0.35
<urn:uuid:70640b1c-32ba-4c00-add6-e682365bd61d>,0.25
<urn:uuid:685088d2-d63d-495c-bf6a-5441b27ef918>,0.25
<urn:uuid:8f92e2da-ad96-4d33-b77d-04d9981915a2>,0.25
<urn:uuid:2bb0c5a3-4347-4269-8be2-ece53a4da8ec>,0.5
<urn:uuid:e275b99e-be63-437b-a9ea-30046cc2327d>,0.45
<urn:uuid:004260c9-5470-487c-bd13-3c575f21da72>,0.44999999999999996
<urn:uuid:0f15e049-b27e-419f-99c0-735077b45927>,0.45
<urn:uuid:a10322ca-37bb-4d21-be57-c2d45aff87e0>,0.2
<urn:uuid:cea25858-0f85-4cc1-9f39-822e15b07e8f>,0.1
<urn:uuid:7452e07b-6ffd-4cc2-840d-80eba8219522>,0.7
<urn:uuid:bae2beca-246c-47e0-96fd-e2e488b085a0>,0.65
<urn:uuid:50b6e72b-8178-44f3-81d6-f346d3076a1b>,0.6000000000000001
<urn:uuid:29c78467-d0df-4369-8d65-a34c2a1bc92f>,0.5
<urn:uuid:c01f8891-fe06-4177-b3da-46f18348a0ef>,0.6
<urn:uuid:ccd66b65-3efa-45ec-bb6f-207b7b9e0c2e>,0.39999999999999997
<urn:uuid:836480b4-d3a6-432f-a7e3-79d625a6e66a>,0.75
6af28b43-cb9f-4152-80d1-314f30e96f6d,0.6000000000000001
<urn:uuid:747aead4-b406-4afd-b735-20e3e8834895>,0.35
<urn:uuid:fa74abb0-9487-43f4-916f-6faec36ebd26>,0.05
<urn:uuid:90f3545a-272e-4051-a79d-1f9b0bc7f1e1>,0.65
<urn:uuid:820229a6-5ecd-46a9-9767-9b00f59b691f>,0.75
<urn:uuid:f3aaf9fc-c18d-4d18-a76f-1d8e6ef465f2>,0.5
20d242f3-450e-48a2-b215-e38763e989be,0.6499999999999999
<urn:uuid:95cf7cb5-5df9-4a9d-b59f-ee7fb6f72fd1>,0.45
<urn:uuid:f9164081-b897-4694-a6e1-a28d43c60b61>,0.2
<urn:uuid:c31867a3-74fe-4e5f-a534-dd5917545f24>,0.35
<urn:uuid:0051f3a9-592a-4f2d-a8be-7517349de52a>,0.2
a88d21ad-3a10-418b-b613-f0cfa74e4549,0.55
<urn:uuid:b162c232-d8db-4ec4-bdf4-90644e8bb023>,0.5
<urn:uuid:05f05c1d-01b2-4519-a627-bc9adbddc9e7>,0.39999999999999997
<urn:uuid:5997a19b-af7c-438e-afc5-6c8aede5fc6b>,0.45
<urn:uuid:1e4d1a6d-346f-411f-a9ee-2587291b77fd>,0.6
116ad81f-c45c-4391-9776-9ed14df69dad,0.15000000000000002
<urn:uuid:c7c520e2-01c3-491b-8989-597900c975f1>,0.45
<urn:uuid:76fa598b-d1fc-4b32-8f0a-123110f63619>,0.65
<urn:uuid:72131591-779c-444d-a510-1031aaa4e355>,0.44999999999999996
<urn:uuid:8f31a6c6-d0fb-4344-8e22-bf75a943b3e2>,0.2
<urn:uuid:9beb0bea-b593-4578-a4fa-a9d244267ed9>,0.35
<urn:uuid:1ed5c999-eb30-4cdf-b7aa-19a93a2dc3f8>,0.55
<urn:uuid:2bb33eef-532a-4fab-988d-6dd67e1a81ce>,0.45
<urn:uuid:5bb78dce-32f2-4359-a466-11dd66d93c86>,0.5
db46649f-143e-4949-ad79-1df7ed12815a,0.45
<urn:uuid:e29641bc-9650-472d-880b-90e41e1cd820>,0.44999999999999996
<urn:uuid:95b04e3a-6427-4c04-9490-255cb3c95778>,0.45
<urn:uuid:31062893-b4d0-453e-8230-92a48970f0db>,0.55
<urn:uuid:544d518d-bcb8-4ef0-9032-57b13103f58d>,0.5
<urn:uuid:ce23b9b5-836f-4750-93c6-90dfcc7decec>,0.2
<urn:uuid:b7a798a8-9a7c-4f1f-8204-b0c43f732164>,0.5
<urn:uuid:1472bccf-c0c4-42f8-a404-101a0f8b7fda>,0.7
<urn:uuid:5372670c-0f8d-4704-b9eb-49bbfedc935a>,0.8
<urn:uuid:71a45bab-2ebd-4e05-bfd4-0342944b4eab>,0.44999999999999996
<urn:uuid:3a5d4165-1fdb-4ad3-aac4-59a14fcf8b25>,0.65
<urn:uuid:a74c3929-ddad-4fef-a529-bff2ea95cf84>,0.55
<urn:uuid:7b8e2845-584d-41cb-8167-94c6605e054b>,0.7
eb3dfb51-a2f0-4428-8f16-7ceebc226b86,0.35
<urn:uuid:670b638b-1f06-4acf-ae2f-6994fd6e0910>,0.25
<urn:uuid:b0ec00d3-d1f5-48c4-bb93-8761d670c44e>,0.5
<urn:uuid:0c3528bb-8748-43c6-abcc-3c925265e449>,0.25
<urn:uuid:3e64efce-cc20-4f5e-86ee-f172858a6412>,0.75
<urn:uuid:aac05dd6-b3de-4b57-83cc-cacff73186bf>,0.5
3d814c54-7a4a-4ab1-b594-e07d6b12e73a,0.6000000000000001
<urn:uuid:9b64ff7f-2c9b-453c-adbd-3bac0a385f11>,0.6000000000000001
<urn:uuid:5a2e054e-7ab9-4446-9a2a-d0f3e61798f6>,0.55
<urn:uuid:7d265fa9-4c76-4c15-9079-eca5265af9cd>,0.5
<urn:uuid:f174d5ed-f0f5-4100-9abc-14af44c50cae>,0.6000000000000001
0482b5d4-880f-4e10-a7bd-30ecec645025,0.65
<urn:uuid:16c914be-3edf-4bd0-909e-bc94598d19b3>,0.45
<urn:uuid:967ea588-c0a8-4314-8bcf-8b0bc919eadc>,0.5
<urn:uuid:a5d97d72-4101-4667-a330-382a50087329>,0.45
<urn:uuid:ab94aea8-242f-4fdf-a23c-fa259367cbbb>,0.45
<urn:uuid:0706166a-06e5-4efe-9f44-e3b068bf24ca>,0.5
3a9ab069-b556-4180-8a80-46fb65e73888,0.55
<urn:uuid:72721d3a-e154-4dc5-9af4-5e184fc9dbd4>,0.6499999999999999
<urn:uuid:0b22c500-a590-4134-bbf5-615d27d131ba>,0.15000000000000002
<urn:uuid:96a23484-1de7-479a-baa5-902f620205b2>,0.65
<urn:uuid:c532089e-e146-4a9c-b951-672023a5ef52>,0.75
172d8087-d26f-40f7-83f5-4512990336d9,0.44999999999999996
<urn:uuid:ccc0d674-5ddb-44cb-9eca-cd1b982d7fb7>,0.15000000000000002
<urn:uuid:c86afd56-afa1-473e-8159-f5f8ca72a206>,0.65
<urn:uuid:229f6261-cceb-46c3-8786-2785257ee9dd>,0.25
<urn:uuid:9593ce11-f2a1-4942-afb3-d9b6247d484f>,0.65
<urn:uuid:34376bdf-d2fa-4e7a-8c3d-4787eabaa106>,0.55
<urn:uuid:8e964efb-4603-4f1c-b176-c36d18042155>,0.2
<urn:uuid:402b8bde-8623-4050-86e3-941de925ca2d>,0.8
59b1573b-69d8-4859-8977-10c68c8fb5c6,0.55
<urn:uuid:6b6f8497-f3a9-4f3b-a468-a93ec77d1cf8>,0.8
<urn:uuid:8f3775b8-8e1a-4149-a58a-f5d2fdf192f2>,0.3
<urn:uuid:b93c0f5d-5d46-42be-9812-2835448f6d98>,0.39999999999999997
3910bc51-7f1d-45bb-b1a4-16a9c78f951d,0.25
<urn:uuid:1a3f2e73-616d-4dff-9d81-bb42da1ffa77>,0.39999999999999997
<urn:uuid:09eda84f-1c47-4bd3-9511-d382c2839c50>,0.55
<urn:uuid:6bc9e931-c440-443d-9308-936c34df3d28>,0.5
6cb70d34-552c-4ec2-adf3-dc1c01fdbd2b,0.35
<urn:uuid:432eec47-64f8-4eb0-9a4d-cf9cc2c2a915>,0.6000000000000001
<urn:uuid:cd4851bc-9ad1-48b4-bd5c-ce9e5646cd78>,0.6
00f0d341-bdb8-4a4e-95dd-a90681d7fab5,0.65
af554ccb-2698-426b-9156-f9043140dd7d,0.4
<urn:uuid:11c92dab-c394-4e1a-a1e4-246023dae70c>,0.45
<urn:uuid:ba19993a-24ab-41aa-9274-d1e14164e6de>,0.55
2cc9913c-8c8b-4f30-8977-f26fbcd02b91,0.65
<urn:uuid:583b14ab-852b-4d54-8de9-6eb0f69caf36>,0.55
<urn:uuid:2529a7c1-8a84-4430-89cf-1ba32cefafc2>,0.4
<urn:uuid:3eac4921-3027-4bf6-8e02-71a426f29349>,0.4
<urn:uuid:919a2524-9404-4df0-8301-60dcaed55d12>,0.55
<urn:uuid:21729986-77ab-437b-aa24-c679bcd48883>,0.15
<urn:uuid:6f557f39-bc85-447b-bb7f-0163399eeefd>,0.5
<urn:uuid:3a221c75-1d1b-4751-a711-530fafa9c71b>,0.35
<urn:uuid:e6f5b70d-a8c9-465e-82ba-344dc7138f76>,0.3
<urn:uuid:d81dd85d-90d6-4f11-8192-8b819740c2bb>,0.15000000000000002
<urn:uuid:81e58163-24e7-4e87-acc4-aaba9659576c>,0.8
<urn:uuid:19fe4e8b-f7e1-4e6e-b462-e28730d7a0eb>,0.3
5b1eb609-7c98-4584-9524-e334f6dd5c95,0.25
<urn:uuid:27b47cbb-8e15-458d-8b34-8d0e4b079a4a>,0.35
<urn:uuid:fa344dcd-fb06-445d-984d-8bf06b081414>,0.55
<urn:uuid:6e4d2fb2-3cf0-4ff3-839e-bd6d29d98b63>,0.5
<urn:uuid:b94a1bfe-79a0-45e9-8cdf-2d7e63e96ccf>,0.25
<urn:uuid:0eac2524-a699-4935-8531-23ed6e7239c5>,0.6
<urn:uuid:eef7ec89-66dc-4c28-886d-29df2a33b1e2>,0.4
<urn:uuid:ec9f990c-13e7-4048-9af5-c4997592bcbe>,0.39999999999999997
<urn:uuid:2e9a52d5-0441-41c2-938d-24139e6cee47>,0.5
<urn:uuid:292db7f2-e2ec-4e0e-95bf-49152179a8a4>,0.45
<urn:uuid:ff099c06-2690-4303-8973-b781911c68e2>,0.35
<urn:uuid:5e70dabf-04e4-4cb0-8c35-9f83f6cafe43>,0.6
<urn:uuid:29eca6c5-d00c-4cbc-b4b9-bcaae194b14d>,0.7
d0dcd1da-496d-4b25-978c-de67baaa663d,0.6
<urn:uuid:e3ea0479-7d88-4410-8d88-708b6fe8ecc2>,0.6
2a68a15d-af4c-49a7-b876-bfefe59d9345,0.55
<urn:uuid:f934ee5f-1ade-4617-bd81-755fb579a41c>,0.5
<urn:uuid:2a16ae8c-b83b-48ea-a063-9fb256292339>,0.5
<urn:uuid:bec78b68-59dd-4c56-85a6-898ab0293a6a>,0.45
<urn:uuid:a98f0ace-5f99-43f9-9759-f20268b03dd8>,0.6
<urn:uuid:6193a90d-2f22-42e9-98f4-288661c3b0eb>,0.3
<urn:uuid:6b1c43f0-1b78-4a54-8540-1fe4ef457b84>,0.5
<urn:uuid:5c3bf3ad-163f-40c6-8900-a27377aaa561>,0.45
<urn:uuid:47cbab66-ed94-4aa6-a6b2-29e0e8c5b9f2>,0.45
<urn:uuid:5de0ca13-c319-41be-b2a3-5c5f95b1e586>,0.65
<urn:uuid:300fef3e-d755-4b37-87ca-13e9dc569a38>,0.55
<urn:uuid:78454bbf-b9ab-4ec8-a70a-13e7c21ec355>,0.35
<urn:uuid:5834e668-6a2b-47c1-a31a-c99ad52f0567>,0.2
<urn:uuid:cf959096-cc20-4fc8-874a-cd28c2d42d8f>,0.4
<urn:uuid:e367d8b4-775e-464a-a6ff-19d4b6e0b495>,0.35
<urn:uuid:ea74421b-26e8-4039-a07f-8addab99552d>,0.55
<urn:uuid:938a1c26-29e6-418d-87b0-fb7f75cd8be3>,0.39999999999999997
<urn:uuid:16f0344d-b7da-4628-bf07-8a8eb0dc00f4>,0.65
<urn:uuid:b5755b5e-5f87-4d40-9ba3-f6501a6b7c24>,0.5
<urn:uuid:1c256dd7-1b03-475a-a542-c9e91f270394>,0.3
282c99f3-62f5-438f-aba8-18fd9a0c9a0d,0.65
<urn:uuid:b5be1217-7f40-4684-aae1-d8437f4e471a>,0.55
<urn:uuid:9f372c69-d06f-4dba-9ed3-c27f2cd403e3>,0.55
<urn:uuid:14fb3ec5-ac91-4e06-86b6-5586c4d36e0e>,0.5
<urn:uuid:708b2dad-2962-424e-af08-364c0e03254d>,0.8500000000000001
83939499-9002-4a19-88b6-78ce1c05a10b,0.55
<urn:uuid:895c020d-a7c1-47dc-9cb8-ca8214d32bbe>,0.2
<urn:uuid:73000578-4198-4cde-b2ce-78495a0f2d50>,0.75
<urn:uuid:f6d771ce-e8c3-466e-9158-df3a48549043>,0.6
<urn:uuid:771d666e-83fd-4fdc-a9fc-30c8a8aaf348>,0.55
<urn:uuid:e0603f1a-ec55-4bb4-8ded-a179dc66b745>,0.6499999999999999
fb97d289-b831-4f34-be03-6c2238d8aee5,0.8
<urn:uuid:26ae69bf-2561-416f-92ed-1363bb719f11>,0.55
<urn:uuid:d20037eb-589d-4ca4-9c53-9f6f2ef5d2fa>,0.15000000000000002
<urn:uuid:560633c4-7317-45c4-ad34-efd06715674e>,0.4
52562849-2468-4b5c-85c5-fac2c7a7863a,0.65
<urn:uuid:b69956e5-ae6b-4e82-934f-224479e0c883>,0.75
<urn:uuid:92c3cab1-d340-42c6-b46a-bd7244b4b2a5>,0.2
<urn:uuid:4fcec19e-1104-4765-8285-4728f9e5fa39>,0.3
edf8da0d-0ec6-47ba-ac16-14f7b31d21be,0.55
<urn:uuid:8d119850-2f1e-4814-96fc-eaef8f21eb70>,0.4
af870a5b-ce0b-4ef1-91b0-6ab80e0e660e,0.4
<urn:uuid:1f13ca0c-d71b-47a6-a283-cc6ac84db663>,0.65
<urn:uuid:77132e4c-91c0-4fd7-95ce-9d3b004df53a>,0.25
<urn:uuid:e497b6cc-a001-41a5-a34e-d912192c5496>,0.55
<urn:uuid:7a9a5098-cd07-4db1-945d-55a996a62d25>,0.5
<urn:uuid:da050423-6ad2-4197-ac53-c17e6b7c6765>,0.15000000000000002
<urn:uuid:022978ff-64c0-4475-a728-59f4a0bee8c2>,0.15000000000000002
<urn:uuid:896f5a0e-a16e-414d-84c1-bb1987f99514>,0.8
<urn:uuid:1b68bc6c-e649-4a93-8d1c-0bce680ac959>,0.45
<urn:uuid:e976290c-a952-4b52-83eb-21f59498f261>,0.55
<urn:uuid:8abfb11a-08be-4feb-b5ad-d9dea7b141df>,0.35
<urn:uuid:ee70db43-a089-455a-9b4d-ad1efdb9bb14>,0.65
<urn:uuid:956d2469-50dd-44c4-b08f-ee32f42ae76d>,0.44999999999999996
<urn:uuid:500fb86b-6543-4dd9-a443-a40c8abdc8e8>,0.35
b3cc0681-9133-4bbe-a6f7-ec11a302961e,0.5
<urn:uuid:5a420e1a-bf75-4ddc-ae95-aba435098ecf>,0.45
<urn:uuid:7e105434-ce99-48ac-89e7-757deef7d6eb>,0.6
<urn:uuid:4f425f8f-1258-4b4f-838d-0c5cc579951d>,0.8
<urn:uuid:d71ab83f-abe6-464b-b49b-89c2e14265e6>,0.5
<urn:uuid:14abcc4d-90c5-4d75-b2bd-1877ef3c30f4>,0.55
<urn:uuid:92d4d84c-b51a-4ce2-b0ca-dc1c2869712b>,0.15
<urn:uuid:9129d5a5-e571-4d7c-bed4-9d474bb3e7e4>,0.55
203c3587-6fd2-4500-b880-2d8fef454e69,0.65
<urn:uuid:4a75f354-be6b-4a5c-8eec-999dea9a93af>,0.25
<urn:uuid:9d463421-67f0-493d-a23e-af989e4716ad>,0.25
<urn:uuid:a40c2e15-6d9a-4770-b2b0-827d9aa29f4a>,0.6000000000000001
<urn:uuid:75e1c32a-ea22-42f3-b437-d161343b5ca6>,0.8
accdd3eb-887c-418b-99ac-05bb1272f348,0.30000000000000004
<urn:uuid:cf3c7e79-45ec-4e36-9c57-9b6737249243>,0.1
<urn:uuid:f7585a55-9db6-451a-9d11-12aca3136fb7>,0.5
<urn:uuid:baa0dbea-57c2-4c86-a45c-887d1b71e5e4>,0.2
fceb6b1c-c351-4715-9e08-51b74a70ec8a,0.6000000000000001
<urn:uuid:881a01f7-dd93-4179-9cd1-4f7079973d2d>,0.5
<urn:uuid:c606283d-7b28-46e8-8c30-475589159d2b>,0.35
<urn:uuid:f01f9f61-260f-4118-9d36-77aac0f012ed>,0.30000000000000004
<urn:uuid:397affa6-3f04-448a-b893-6914dfe043f4>,0.65
<urn:uuid:39fc15d5-ad83-4578-8842-9d15ed201efc>,0.5
<urn:uuid:96df6854-f219-43f0-b730-beea196604e0>,0.5
<urn:uuid:73fd544e-3e37-4fcf-a013-0375a0cba2c8>,0.75
<urn:uuid:f500c2e2-f79e-4a08-968e-4b813dc81c02>,0.05
<urn:uuid:f0d788b0-2585-4c99-bb9e-1a2cf3954038>,0.55
<urn:uuid:0a272683-1ccf-4f6f-a11b-e208983c255f>,0.2
3f9e4744-a1cd-4424-bfc8-950e93dff907,0.6499999999999999
<urn:uuid:5431c4fa-961b-4422-9467-2da7673e37f9>,0.4
6239955d-3591-48ee-ba73-cdc588d98a7e,0.55
<urn:uuid:f158d201-f635-4e71-a226-12c6861623df>,0.2
<urn:uuid:bb2087b1-2273-4694-8fe6-a0b46d16eb25>,0.35
<urn:uuid:2df2d767-c4a8-4507-9544-8176dcc5c57c>,0.75
